bank,no,komponen_otomatis,kalimat_tanya_yang_dinilai,komponen_koreksi_manual
endo-2019,1,Diagnostics,apa kemungkinan diagnosa pasien tersebut?,
endo-2019,2,Diagnostics,apa diagnosa yang tepat?,
endo-2019,3,Physiology,"pasien ini mengalami gangguan pada hormon pth, yang berperan pada metabolisme tulang pada mekanisme apa?",
endo-2019,4,Recall,hormon apa yang dimaksud?,
endo-2019,5,Physiology,mengapa dokter menganjurkan demikian?,
endo-2019,6,Diagnostics,apa diagnosis yang tepat?,
endo-2019,7,Physiology,dimanakah hormon tersebut disintesis?,
endo-2019,8,Recall,hormon apa yang dimaksud?,
endo-2019,9,Pharmacology,contoh obat tersebut apa?,
endo-2019,10,Physiology,apa kemungkinan penyebab dari perdarahan tersebut?,
endo-2019,11,Diagnostics,"pilihan jawaban di bawah ini merupakan karakteristik pada kasus di atas, kecuali apa?",
endo-2019,12,Physiology,apa yang menyebabkan terjadinya penurunan tajam penglihatan pada pasien tersebut?,
endo-2019,13,Physiology,apa penyebab terjadinya proptosis pada pasien tersebut?,
endo-2019,14,Physiology,apa penyakit sistemik yang menjadi penyebab kelainan matanya pada pasien tersebut?,
endo-2019,15,Physiology,apa yang menyebabkan terjadinya neovaskularisasi di retina pada pasien tersebut?,
endo-2019,16,Physiology,bagaimana cara kerja hormon tsh?,
endo-2019,17,Diagnostics,kondisi pasien ini mungkin berhubungan dengan kelainan organ endokrin yang mana?,
endo-2019,18,Physiology,dimanakah hormon tersebut disintesis?,
endo-2019,19,Recall,"berdasarkan guideline esc/eas, maka pasien ini dapat dimasukkan pada kelompok apa?",
endo-2019,20,Diagnostics,apa diagnosis pasien ini?,
endo-2019,21,Diagnostics,ia akan memperlihatkan gejala apa?,
endo-2019,22,Pharmacology,"pasien mendapat terapi statin, yang bekerja dengan cara bagaimana?",
endo-2019,23,Diagnostics,apa diagnosis yang paling mungkin pada pasien tersebut?,
endo-2019,24,Diagnostics,"pada kasus tersebut, apa pemeriksaan laboratorium lain yang perlu dilakukan untuk mendukung diagnosis?",
endo-2019,25,Diagnostics,apa diagnosis klinis yang paling tepat pada pasien di atas?,
endo-2019,26,Diagnostics,apa diagnosis pasien tersebut?,
endo-2019,27,Diagnostics,apa diagnosis pada keadaan tersebut?,
endo-2019,28,Physiology,hormon tiroksin secara fisiologi memiliki efek terhadap apa?,
endo-2019,29,Anatomy,bermuara kemanakah aliran balik/drainase vena pada organ yang mengalami gangguan pada pasien tersebut?,
endo-2019,30,Pharmacology,pasien ini dapat kita berikan tatalaksana berupa apa?,
endo-2019,31,Physiology,apa jenis hormon yang perlu diperiksakan pertama kali pada kasus tersebut?,
endo-2019,32,Anatomy,berasal dari mana vaskularisasi dari organ yang mengalami gangguan pada pasien tersebut?,
endo-2019,33,Anatomy,dimanakah letak organ yang mengalami gangguan pada pasien tersebut?,
endo-2019,34,Diagnostics,apa kemungkinan diagnosis yang paling sesuai pada pasien ini?,
endo-2019,35,Pharmacology,dengan kondisi krisis hipertensi ini dapat diberikan terapi apa?,
endo-2019,36,Diagnostics,klasifikasi dislipidemia pada pasien tersebut menurut fredrickson tergolong tipe apa?,
endo-2019,37,Diagnostics,hal ini dapat disebabkan oleh apa?,
endo-2019,38,Physiology,bagaimana patofisiologi terjadinya kelainan ini?,
endo-2019,39,Diagnostics,apa pemeriksaan penunjang awal untuk menegakkan diagnosis pada kasus tersebut?,
endo-2019,40,Physiology,hormon mana yang bertanggung jawab untuk gejala tersebut?,
endo-2019,41,Recall,bangunan apa yang dimaksud?,
endo-2019,42,Diagnostics,apa diagnosis pada pasien ini?,
endo-2019,43,Physiology,apa kemungkinan patofisiologi dari kasus di atas?,
endo-2019,44,Physiology,gangguan apa yang terjadi pada kaki penderita dm tersebut?,
endo-2019,45,Diagnostics,apa pemeriksaan penunjang awal yang dianjurkan untuk pasien tersebut?,
endo-2019,46,Pharmacology,bagaimanakah tatalaksana untuk pasien tersebut?,
endo-2019,47,Diagnostics,apa komplikasi dari penyakit tersebut?,
endo-2019,48,Pharmacology,bagaimanakah tatalaksana untuk pasien tersebut?,
endo-2019,49,Pharmacology,kapan terapi pengganti hormon tersebut dihentikan?,
endo-2019,50,Physiology,berikut ini apa proses yang tidak berkaitan dengan patofisiologi ulkus diabetik pada kaki?,
endo-2019,51,Diagnostics,apa tipe neuropati yang terjadi pada pasien di atas?,
endo-2019,52,Diagnostics,apa diagnosis yang paling tepat pada pasien di atas?,
endo-2019,53,Physiology,bagaimana cara kerja hormon tiroksin pada sel target?,
endo-2019,54,Physiology,apa penyebab keadaan hipokalemia pada pasien ini?,
endo-2019,55,Pharmacology,bagaimana cara kerja obat ini?,
endo-2019,56,Diagnostics,apa klasifikasi wagner untuk pasien ini?,
endo-2019,57,Diagnostics,"berdasarkan keluhan dan gejala klinis pasien, mana hasil laboratorium fungsi tiroid yang paling mungkin?",
endo-2019,58,Recall,apa perubahan hormon yang dimaksud oleh dokter tersebut?,
endo-2019,59,Physiology,berapakah kebutuhan kalori wanita tersebut jika dihitung dengan rumus broca?,
endo-2019,60,Physiology,apa penyebab gangguan ini?,
endo-2019,61,Physiology,gangguan metabolisme yodium yang terjadi pada pasien ini pada proses apa?,
endo-2019,62,Diagnostics,termasuk klasifikasi wagner apa pasien ini?,
endo-2019,63,Recall,"makanan berikut tergolong haram, kecuali apa?",
endo-2019,64,Physiology,apa penyebab kondisi yang dialami pasien ini?,
endo-2019,65,Recall,disebut apa kondisi ini?,
endo-2019,66,Anatomy,apa yang perlu dilakukan untuk memeriksa fungsi kelenjar yang terdampak oleh tindakan kemoradiasi tersebut?,
endo-2019,67,Recall,apa hormon yang dimaksud?,
endo-2019,68,Physiology,apa organ endokrin yang bertugas untuk memproduksi hormon tersebut?,
endo-2019,69,Recall,organ apa yang dimaksud?,
endo-2019,70,Anatomy,pembuluh darah apa yang memperdarahi organ tersebut yang merupakan cabang dari aorta abdominalis?,
endo-2019,71,Diagnostics,apa organ yang merupakan pusat kontrol endokrin tertinggi?,
endo-2019,72,Recall,apa kelenjar yang disebut master of gland?,
endo-2019,73,Physiology,apa hormon yang akan disekresi pada kasus tersebut?,
endo-2019,74,Physiology,bagaimana respon metabolik tubuh akibat disekresikannya hormon stres tersebut?,
endo-2019,75,Pharmacology,bagaimanakah tatalaksana awal pada pasien tersebut?,
endo-2019,76,Diagnostics,apa diagnosis yang tepat pada pasien ini?,
endo-2019,77,Physiology,apa penyebab dari gangguan kesehatan pada pasien ini?,
endo-2019,78,Physiology,apa penyebab utama kejadian yang terjadi pada gigi pasien ini?,
endo-2019,79,Recall,gangguan siklus haid pada pasien ini disebut?,
endo-2019,80,Diagnostics,apa diagnosis pada pasien tersebut?,
endo-2019,81,Diagnostics,bagaimanakah status gizi wanita tersebut menurut kriteria who asia-pasifik?,
endo-2019,82,Recall,"berapakah kebutuhan protein dan lemak wanita tersebut dalam sehari jika dibutuhkan protein 1-1,5 gram/kg berat badan ideal (bba = 54 kg)?",
endo-2019,83,Diagnostics,pada pasien dapat diketahui gangguan metabolisme yodium dengan melakukan pemeriksaan apa?,
endo-2019,84,Diagnostics,apa kemungkinan diagnosis pada pasien ini?,
endo-2019,85,Physiology,thyroid stimulating hormon membantu proses sintesis hormon t3/t4 pada mekanisme apa?,
endo-2019,86,Physiology,hormon apa yang ditunjukkan oleh grafik a yang melonjak tinggi tepat sebelum hari ke-14 (ovulasi)?,
endo-2019,87,Physiology,hormon apa yang ditunjukkan oleh grafik b yang mendominasi pada fase sekretori pasca hari ke-14?,
endo-2019,88,Physiology,apa proses fisiologis yang terjadi tepat di akhir periode c (sekitar hari ke-14)?,
endo-2019,89,Physiology,apa etiologi paling mungkin pada pasien ini?,
endo-2019,90,Recall,apa saja contoh asam lemak esensial turunan omega-3 yang diperoleh dari ikan laut dalam?,
endo-2019,91,Recall,bagaimana mengidentifikasikan halal atau haramnya makanan?,
endo-2019,92,Recall,bagaimana pendapat mayoritas ulama (jumhur fuqaha) tentang batasan maksimum keluarnya darah haidh?,
endo-2019,93,Recall,"berikut ini adalah ajaran islam tentang proporsionalitas dan kesunahan dalam makanan, kecuali apa?",
endo-2019,94,Recall,"berikut ini adalah perbuatan yang diharamkan bagi wanita nifas, kecuali apa?",
endo-2019,95,Recall,kriteria apa saja yang dikategorikan sebagai makanan halal?,
endo-2019,96,Diagnostics,mana pemeriksaan laboratorium yang kadarnya dapat menggambarkan kadar glukosa darah 2-3 minggu sebelum pemeriksaan dilakukan?,
endo-2019,97,Diagnostics,berapakah kadar glukosa darah 2 jam postprandial (g2pp) yang dianggap normal?,
endo-2019,98,Diagnostics,mana hasil laboratorium yang menunjang diagnosis tersebut?,
endo-2019,99,Anatomy,"berdasarkan kriteria ada, mana kadar glukosa darah plasma vena yang mendukung diagnosis tersebut?",
endo-2019,100,Pharmacology,bagaimana tatalaksana lini pertama pada pasien ini?,
endo-2023,1,Pharmacology,apa konsekuensi utama dari pemberian obat penghambat star?,
endo-2023,2,Pharmacology,berapa dosis mineral zat gizi untuk sensitivitas insulin?,
endo-2023,3,Pharmacology,bagaimana tatalaksana pasien tersebut?,
endo-2023,4,Diagnostics,"ga mencapai > 400 mg/dl, pasien saat ini berada di igd dengan keadaan pingsan dan nafas pendek-pendek, bagaimana laboratorium yang mendukung diagnosis tersebut?",
endo-2023,5,Physiology,apa penyebab hiperglikemi pasien?,
endo-2023,6,Pharmacology,apa prinsip tatalaksana yang benar pada hipotiroid kongenital?,
endo-2023,7,Pharmacology,zat gizi mineral yang meningkatkan sensitivitas terhadap insulin adalah?,
endo-2023,8,Recall,mana bahan makanan sumber omega 3 selain ikan laut dalam?,
endo-2023,9,Pharmacology,bagaimana mekanisme kerja obat tersebut?,
endo-2023,10,Diagnostics,komplikasi pada retinopati diabetik tapi selain retina,
endo-2023,11,Physiology,apa yang menyebabkan penglihatan menjadi buram pada pasien tersebut?,
endo-2023,12,Diagnostics,apa komplikasi yang dapat terjadi pada pasien tersebut?,
endo-2023,13,Physiology,apa yang menyebabkan visus mata kanan menurun pada pasien tersebut?,
endo-2023,14,Physiology,apa yang menyebabkan terjadinya neovaskularisasi di retina pada pasien tersebut?,
endo-2023,15,Recall,apa nama sekret yang ditampung ini?,
endo-2023,16,Diagnostics,"rotik (+), pus (+) berbau, pulsasi arteri dorsalis pedis dan tibialis posterior dekstra teraba lemah daripada kiri, sensasi terasa lemah. berapa skor pedis nya?",
endo-2023,17,Recall,mana pernyataan yang benar terkait tiroiditis riedel s?,
endo-2023,18,Pharmacology,"pasien diberi obat dislipidemia, apa saja pemeriksaan untuk memonitor pasien tersebut?",
endo-2023,19,Recall,kalimat au daman masfuhan artinya?,
endo-2023,20,Anatomy,apa yang perlu dilakukan untuk memeriksa fungsi kelenjar yang terdampak oleh tindakan kemoradiasi tersebut?,
endo-2023,21,Diagnostics,apa temuan laboratorium pasien tersebut?,
endo-2023,22,Diagnostics,bagaimana interpretasi laboratoriumnya?,
endo-2023,23,Diagnostics,apa gold standard untuk keganasan tiroid?,
endo-2023,24,Diagnostics,apa interpretasi hasil tersebut?,
endo-2023,25,Pharmacology,"apa penyebab kondisi bayi, komplikasi yang mungkin dialami, dan tatalaksana yang tepat untuk ibunya setelah persalinan?",
endo-2023,26,Pharmacology,apa tatalaksana yang tepat untuk anak tersebut?,
endo-2023,27,Recall,disebut apa yang tidak jelas tersebut?,
endo-2023,28,Diagnostics,apa diagnosis klinis yang paling tepat pada pasien di atas?,
endo-2023,29,Physiology,apa penyebab kejadian yang terjadi pada gigi pasien ini?,
endo-2023,30,Recall,gangguan siklus haid pada pasien ini disebut?,
endo-2023,31,Diagnostics,apa diagnosis kasus tersebut,
endo-2023,32,Diagnostics,apa kemungkinan tipe neuropati pada pasien?,
endo-2023,33,Diagnostics,apa kemungkinan diagnosis pada pasien tersebut?,
endo-2023,34,Recall,bagaimana urutan organel untuk sintesis protein?,
endo-2023,35,Diagnostics,apa pemeriksaan penunjang awal untuk menegakkan diagnosis pada kasus tersebut?,
endo-2023,36,Diagnostics,pemeriksaan hormon tiroid apa yang paling akurat?,
endo-2023,37,Diagnostics,"pemeriksaan laboratorium ditemukan kadar tiroid tinggi, t3 t4 tinggi, tsh turun, anti-tpo(+), dan tsi (-)",
endo-2023,38,Diagnostics,apa diagnosa yang tepat?,
endo-2023,39,Diagnostics," pemeriksaan infertilitas, volume sperma 2ml, konsentrasi sperma 10jt, motilitas 28%, morfologi normal 5%, apa interpretasi yang paling tepat. untuk pasien ini?",
endo-2023,40,Diagnostics,pemeriksaan hormon apa yang dapat mendasari peningkatan tekanan darah pasien?,
endo-2023,41,Pharmacology,penanganan yang dilakukan:,
endo-2023,42,Pharmacology,tatalaksana bedah yang tidak tepat pada pasien diabetes adalah?,
endo-2023,43,Recall,apa nama bangunan tempat sel itu berada?,
endo-2023,44,Diagnostics,aldosteron terganggu. apa fungsinya?,
endo-2023,45,Physiology,berikut yang kurang berperan patofisiologi terjadinya luka diabetes?,
endo-2023,46,Recall,dari segi apa penentuan perintah makan yang halal dan thayyib sesuai yang diperintahkan dalam al-qur an?,
endo-2023,47,Diagnostics,apa obat untuk diagnosis tersebut?,
endo-2023,48,Recall,"setelah masuk ke sirkulasi, testosteron terutama berikatan dengan apa?",
endo-2023,49,Physiology,apa patofisiologi yang menjelaskan kondisi tersebut?,
endo-2023,50,Pharmacology,mineral yang kerjanya mirip dengan insulin?,
endo-2023,51,Recall,bagaimana cara pemilihan makanan untuk pasien diabetes?,
endo-2023,52,Diagnostics,setelah dilakukan pemeriksaan gd anak hasilnya 60 mg/dl apa diagnosis anak tsb?,
endo-2023,53,Physiology,gula darah bayi saat lahir 40 mg/dl apa penyebab kondisi bayi?,
endo-2023,54,Anatomy,pada bagian bawah kelenjar tiroid dimanakah lokasi kelenjar tiroid menurut urutan cartilago trachea?,
endo-2023,55,Pharmacology,tatalaksana non-farmakologi?,
endo-2023,56,Recall,yang termasuk kategori well differentiated thyroid carcinoma?,
endo-2023,57,Physiology,"berdasarkan fisiologi dari prolaktin, apa fungsi dari hormon oxytocin dan hormon prolaktin?",
endo-2023,58,Anatomy,dimanakah letak corpus pineal tersebut?,
endo-2023,59,Anatomy,bagian yang dijaga oleh dokter bedah saat melakukan bedah untuk menjaga keseimbangan hormon ovarium adalah?,
endo-2023,60,Recall,tumor pada hipofisis dapat menekan organ?,
endo-2023,61,Histology,"pada preparat histologi glandula hipofisis, sel apa yang tidak mungkin ditemui pada bagian adenohipofisis?",
endo-2023,62,Physiology,apa etiologi dari kasus diatas?,
endo-2023,63,Anatomy,defisiensi vitamin d terjadi gangguan pada proses apa?,
endo-2023,64,Diagnostics,"(skenario) ft4 turun, ft3 normal, tsh naik, tsab positif, tsi negatif, diagnosis?",
endo-2023,65,Diagnostics,"(kasus) ft4 naik, ft3 normal, tsh turun, tsi positif, diagnosis?",
endo-2023,66,Diagnostics,"labnya panjang sebenarnya , dia hipokalsemia, hiperfosfatemia. diagnosis",
endo-2023,67,Anatomy,bagaimana vaskularisasi kelenjar suprarenal,
endo-2023,68,Pharmacology,apa tatalaksana awal yang tepat pada dka anak?,
endo-2023,69,Recall,gula darah 760 mg/dl. apa diagnosisnya?,
endo-2023,70,Recall,kalimat hipotesis yang tepat gambar tsb?,
endo-2023,71,Recall,pemeriksaan untuk cek kadar glukosa beberapa bulan yg lalu pake apa?,
endo-2023,72,Diagnostics,setelah dilakukan pemeriksaan gd anak hasilnya 60 mg/dl pemeriksaan apa yang bisa dilakukan untuk mendiagnosis ibu tersebut?,
endo-2023,73,Physiology,bagaimana patofisiologi terjadinya hal tsb (pokoknya knp testosteronnya tinggi)?,
endo-2023,74,Diagnostics,apa diagnosis yang tepat?,
endo-2023,75,Diagnostics,"(skenario pa) gerak saat menelan, tidak nyeri, simetris dan difus. diagnosis?",
endo-2023,76,Recall,"ibu melahirkan mengeluh mengalami pembesaran nodul dan tidak bisa menyusui, masalahnya dimana?",
endo-2023,77,Physiology,rangsangan oleh hormon tsh berlebihan pada sel folikel kelenjar thyroid dapat disebabkan oleh apa?,
endo-2023,78,Physiology,penyebab yang paling mungkin adalah...,
endo-2023,79,Physiology,bagaimana cara kerja hormon tsh?,
endo-2023,80,Physiology,struktur molekul hormon paratiroid adalah?,
endo-2023,81,Recall,seberapa cepat suatu bahan makanan dalam meningkatkan kadar glukosa & insulin setelah dikonsumsi disebut?,
endo-2023,82,Physiology,"mengingat sifat kimia hormon tersebut, protein mana yang digunakan dalam mekanisme kerjanya?",
endo-2023,83,Recall,cara kerja kalsitonin dalam kelebihan kalsium adalah?,
endo-2023,84,Diagnostics,kondisi pasien ini mungkin berhubungan dengan kelainan organ endokrin yang mana?,
endo-2023,85,Pharmacology,bagaimanakah tatalaksana untuk pasien tersebut?,
endo-2023,86,Diagnostics,apa diagnosis pada kasus tersebut?,
endo-2023,87,Physiology,hormon yang ngehasilin folikel,
endo-2023,88,Physiology,dimanakah reseptor hormon tersebut?,
endo-2023,89,Diagnostics,apa diagnosa pasien tersebut?,
endo-2023,90,Physiology,apa kemungkinan etiologi infertilitas yang paling mungkin pada pasien ini?,
endo-2023,91,Recall,"pembesaran tiroid difus, tsh turun ft4 naik, mata menonjol. diagnosisnya?",
endo-2023,92,Diagnostics,apa kemungkinan diagnosis yang tepat pada pasien di atas?,
endo-2023,93,Physiology,enzim apa yang mengalami defisiensi?,
endo-2023,94,Physiology,(ini yg sering terjadi defisiensi ga sih pertanyaannya?),
endo-2023,95,Physiology,interaksi rifampisin dengan glibenklamid (glibenclamide) menyebabkan efek apa?,
endo-2023,96,Recall,bentuk aktif dari vitamin d dalam tubuh adalah...,
endo-2023,97,Recall,pernyataan yang benar mengenai vitamin d adalah...,
endo-2023,98,Pharmacology,tindakan pertama yang harus dilakukan adalah...,
endo-2023,99,Physiology,mengapa hipoglikemia dapat terjadi pada pasien yang menggunakan beta-blocker?,
endo-2023,100,Anatomy,struktur anatomi apa yang harus dipertahankan?,
endo-2023,101,Pharmacology,ibu hamil dengan hiperglikemia melahirkan bayi yang mengalami hipoglikemiaa apa tatalaksana pertama pada bayi?,
ginjal-2018,1,Diagnostics,"selain pemeriksaan laboratorium di atas, mana pemeriksaan lain yang dapat digunakan untuk menilai fungsi ginjal dengan lebih akurat?",
ginjal-2018,2,Diagnostics,mana interpretasi hasil laboratorium yang paling tepat untuk kasus di atas?,
ginjal-2018,3,Anatomy,bagian yang terkena pada kasus di atas diperdarahi oleh arteri yang merupakan cabang dari...,
ginjal-2018,4,Recall,apa nama bangunan tersebut?,
ginjal-2018,5,Physiology,apa penyebab penyakit tersebut?,
ginjal-2018,6,Diagnostics,apa diagnosis yang paling tepat?,
ginjal-2018,7,Pharmacology,apa tindakan yang paling tepat?,
ginjal-2018,8,Diagnostics,"iksaan fisik dan pemeriksaan penunjang, dokter melihat adanya gangguan pada ginjal berupa kurang dari 50% glomerulus terkena sklerosis. penyakit ini disebut....",
ginjal-2018,9,Diagnostics,apa diagnosis yang paling tepat?,
ginjal-2018,10,Physiology,apa yang menyebabkan terjadinya edema anasarca pada pasien ini?,
ginjal-2018,11,Pharmacology,apa terapi pilihan pertama pada pasien ini ?,
ginjal-2018,12,Physiology,mana cara penghitungan yang paling tepat?,
ginjal-2018,13,Diagnostics,apa gambaran radiologi yang paling sesuai klinis pasien?,
ginjal-2018,14,Physiology,gangguan apa yang terjadi pada pasien ini?,
ginjal-2018,15,Diagnostics,apa diagnosis yang paling tepat untuk pasien tersebut?,
ginjal-2018,16,Recall,transporter air yang mana yang dimaksud?:,
ginjal-2018,17,Diagnostics,apa diagnosis yang paling tepat?,
ginjal-2018,18,Recall,hormon apa yang dimaksud?,
ginjal-2018,19,Diagnostics,apa komplikasi yang mungkin terjadi pada kasus ini?,
ginjal-2018,20,Diagnostics,"penyakit di bawah ini disebabkan oleh sindrom nefrotik, yaitu",
ginjal-2018,21,Anatomy,rasa nyeri pada daerah tersebut dinervasi oleh...,
ginjal-2018,22,Physiology,apa hukum sirkumsisi bagi laki-laki dan perempuan serta apa alasan dalilnya menurut mayoritas ulama?,
ginjal-2018,23,Physiology,dimanakah hormon tersebut disintesis?,
ginjal-2018,24,Recall,apa nama kelainan perkembangan ini?,
ginjal-2018,25,Diagnostics,"pada kasus tersebut, pemeriksaan radiologi yang dianjurkan adalah...",
ginjal-2018,26,Physiology,apa etiologi terbanyak kelainan ini?,
ginjal-2018,27,Diagnostics,apa diagnosis yang paling mungkin pada pasien ini?,
ginjal-2018,28,Pharmacology,apa penatalaksanaan yang paling tepat?,
ginjal-2018,29,Recall,berapakah jumlah protein ideal yang bisa disarankan pada pasien ini?,
ginjal-2018,30,Diagnostics,makromolekul apa yang dimaksud?,
ginjal-2018,31,Pharmacology,bagaimana mekanisme kerja obat tersebut?,
ginjal-2018,32,Diagnostics,apa diagnosis pada pasien ini?,
ginjal-2018,33,Diagnostics,apa diagnosis pasien ini?,
ginjal-2018,34,Diagnostics,apa sampel pemeriksaan penunjang yang paling tepat diambil untuk digunakan dalam menentukan diagnosis pada pasien ini?,
ginjal-2018,35,Diagnostics,"berdasarkan klasifikasi, termasuk hipertensi apa pasien ini?",
ginjal-2018,36,Physiology,yang meningkatkan aliran darah di bagian korteks ginjal adalah...,
ginjal-2018,37,Anatomy,"bila batu tersebut berada tepat sebelum masuk ostium ureteris, maka bagian yang kemungkinan besar tidak akan mengalami gangguan adalah...",
ginjal-2018,38,Recall,apa nama bangunan yang dibentuk oleh ketiga komponen diatas?,
ginjal-2018,39,Diagnostics,pemeriksaan baku emas untuk menyokong diagnosis di atas adalah......,
ginjal-2018,40,Physiology,apa penyebab kejadian tersebut?,
ginjal-2018,41,Diagnostics,apa diagnosis yang paling mungkin pada pasien ini?,
ginjal-2018,42,Diagnostics,apa diagnosis pasien ini?,
ginjal-2018,43,Diagnostics,bagian dari ginjal yang sering terkena pada kasus di atas adalah...,
ginjal-2018,44,Pharmacology,"dari obat dibawah ini, obat apa yang tepat diberikan pada kasus ini?",
ginjal-2018,45,Diagnostics,apa gambaran usg yang akan didapatkan apabila dicurigai adanya nefrolitiasis?,
ginjal-2018,46,Diagnostics,apa permasalahan ginjal yang terjadi pada pasien ini?,
ginjal-2018,47,Physiology,apa kemungkinan penyebab tes nitrit positif pada pasien ini?,
ginjal-2018,48,Diagnostics,pemeriksaan radiologi lanjutan yang disarankan adalah...,
ginjal-2018,49,Physiology,apa yang terjadi pada ginjal jika seseorang melakukan olahraga?,
ginjal-2018,50,Physiology,apa kemungkinan penyebab poliuri pada pasien tersebut?,
ginjal-2018,51,Pharmacology,"berikut adalah pernyataan yang benar mengenai ciprofloksasin, kecuali..",
ginjal-2018,52,Pharmacology,bagaimanakah efek pemberian obat tersebut ?,
ginjal-2018,53,Diagnostics,"pada pemeriksaan rontgen, gambaran yang mungkin tampak terkait kondisi pasien adalah....",
ginjal-2018,54,Recall,apa nama daerah tempat saluran itu berada?,
ginjal-2018,55,Pharmacology,mana dari obat dibawah ini yang memiliki mekanisme kerja tersebut?,
ginjal-2018,56,Recall,apa istilah dalam hukum islam untuk menyebut penderita kencing terus menerus dan bagaimana penunaian thaharah dan salatnya ?,
ginjal-2018,57,Pharmacology,apa tindakan yang paling tepat ?,
ginjal-2018,58,Diagnostics,untuk memastikan diagnosis pada penderita tersebut harus dilakukan pemeriksaan...,
ginjal-2018,59,Diagnostics,apa diagnosa yang paling mungkin untuk pasien ini?,
ginjal-2018,60,Pharmacology,bagaimanakah tatalaksana untuk pasien ini?,
ginjal-2018,61,Anatomy,kemungkinan bagian yang mengalami gangguan adalah...,
ginjal-2018,62,Pharmacology,apa tindakan yang paling tepat?,
ginjal-2018,63,Diagnostics,sensasi rasa nyeri pada kasus tersebut melalui syaraf apa?,
ginjal-2018,64,Physiology,apa kemungkinan penyebab proteinuria pada pasien ini ?,
ginjal-2018,65,Pharmacology,obat anti hipertensi mana yang bisa diberikan?,
ginjal-2018,66,Diagnostics,mana pemeriksaan sedimen urin yang sesuai dengan diagnosis batu ginjal tanpa komplikasi?,
ginjal-2018,67,Diagnostics,apa diagnosis yang paling mungkin?,
ginjal-2018,68,Pharmacology,bagaimanakah tatalaksana untuk pasien ini?,
ginjal-2018,69,Diagnostics,apa diagnosis yang paling mungkin?,
ginjal-2018,70,Recall,kelainan ini disebut.....,
ginjal-2018,71,Histology,apa yang mempengaruhi proses filtrasi yang terjadi di glomerulus?,
ginjal-2018,72,Diagnostics,apa kemungkinan penyebab kelainan tersebut?,
ginjal-2018,73,Pharmacology,terapi simptomatik apa yang dapat digunakan pada pasien ini?,
ginjal-2018,74,Diagnostics,mana hasil urinalisa berikut yang mendukung diagnosis infeksi saluran kemih bagian atas?,
ginjal-2018,75,Diagnostics,metode yang paling baik untuk pengambilan spesimen pada pasien tersebut di atas adalah....,
ginjal-2018,76,Histology,kapsula bowman pars viseral berasal dari sel-sel epiteloid besar berprosesus. apa nama sel tersebut?,
ginjal-2018,77,Diagnostics,apa bakteri yang paling mungkin menyebabkan infeksi pada pasien tersebut?,
ginjal-2018,78,Anatomy,kemungkinan lobus prostat yang mengalami pembesaran adalah...,
ginjal-2018,79,Physiology,apa yang menyebabkan terjadinya anemia pada pasien ini?,
ginjal-2018,80,Diagnostics,apa kemungkinan penyebab anemia pada pasien tersebut?,
ginjal-2018,81,Physiology,apa bakteri penyebab infeksi saluran kemih pada pasien ini?,
ginjal-2018,82,Histology,apa kelainan histologi terbanyak pada kelainan tersebut?,
ginjal-2018,83,Diagnostics,pemeriksaan penunjang untuk penegakkan diagnosis adalah...,
ginjal-2018,84,Physiology,apa etiologi terbanyak kelainan ini?,
ginjal-2018,85,Pharmacology,obat apa yang akan diberikan oleh dokter?,
ginjal-2018,86,Recall,"dari segi thaharah, apa status hukum kencing berdarah, dasar penentuan, dan bagaimana cara thaharahnya?",
ginjal-2018,87,Physiology,proses apa yang terjadi pada mekanisme tubuloglomerular feedback?,
ginjal-2018,88,Pharmacology,pilihan terapi yang paling tepat untuk kasus ini adalah?,
ginjal-2018,89,Diagnostics,diagnosis pada laki-laki tersebut adalah....,
ginjal-2018,90,Diagnostics,mana hasil pemeriksaan laboratorium berikut yang menunjang penegakan diagnosis sindroma nefrotik?,
ginjal-2018,91,Pharmacology,pengawet urin yang paling baik diberikan untuk pemeriksaan tersebut diatas adalah....,
ginjal-2018,92,Pharmacology,obat apa yang dimaksud ?,
ginjal-2018,93,Anatomy,dari apa mioepitel tersebut berasal?,
ginjal-2018,94,Diagnostics,apa bakteri yang paling mungkin merupakan etiologi pada kasus tersebut?,
ginjal-2018,95,Recall,kemungkinan batu menyumbat di...,
ginjal-2018,96,Diagnostics,hematuria yang disebabkan oleh sistitis akut adalah....,
ginjal-2018,97,Pharmacology,apa hukum islam berikut alasan syar i tentang terapi urine manusia ?,
ginjal-2018,98,Diagnostics,ektopia kandung kemih merupakan kelainan kongenital...,
ginjal-2018,99,Pharmacology,apa tindakan yang paling tepat ?,
ginjal-2018,100,Pharmacology,bagaimanakah mekanisme kerja obat tersebut ?,
ginjal-2019,1,Physiology,patogenesis terjadinya bengkak pada penderita tersebut adalah?,
ginjal-2019,2,Pharmacology,apa terapi yang untuk pasien ini?,
ginjal-2019,3,Anatomy,"pada laki-laki, dimanakah letak otot tersebut?",
ginjal-2019,4,Pharmacology,apa obat untuk mengurangi keluhan pada pasien ini?,
ginjal-2019,5,Diagnostics,simpai dari organ yang mengalami kelainan yang terbentuk dari jaringan ikat berserat dan langsung melapisi permukaan parenkim adalah ?,
ginjal-2019,6,Recall,salah satu alasannya adalah?,
ginjal-2019,7,Recall,mana bagian ginjal yang mengalami gangguan fungsi pada pasien ini?,
ginjal-2019,8,Pharmacology,apa tatalaksana untuk pasien ini?,
ginjal-2019,9,Recall,definisi mati di as menggunakan ?,
ginjal-2019,10,Recall,penyempitan terkecil terjadi ketika?,
ginjal-2019,11,Recall,kelainan perkembangan ini disebut?,
ginjal-2019,12,Recall,"membaca doa bismillah, allahumma inni a udzubika minal khubutsi wal khabaits adalah saat seseorang ?",
ginjal-2019,13,Recall,"berikut ini, apa nama lubang muara dari sekresi glandula prostat ke urethra pars prostatica?",
ginjal-2019,14,Diagnostics,"setelah dilakukan pemeriksaan fisik dan pemeriksaan penunjang, dokter menduga adanya sebuah kista pada daerah korteks ginjal. kelainan ini disebut?",
ginjal-2019,15,Diagnostics,apa bakteri yang paling mungkin merupakan etiologi pada kasus tersebut?,
ginjal-2019,16,Recall,"pada sediaan itu terlihat korpus renalis, apa nama area yang ditandai bulatan berbentuk oval pada sediaan itu?",
ginjal-2019,17,Recall,pada pembesaran prostat dapat terjadi?,
ginjal-2019,18,Diagnostics,apa kemungkinan kelainan yang dijumpai pada anak tersebut?,
ginjal-2019,19,Diagnostics,apa diagnosis yang paling mungkin untuk pasien ini?,
ginjal-2019,20,Diagnostics,pemeriksaan lanjutan pertama yang sangat bermanfaat pada kasus di atas adalah ?,
ginjal-2019,21,Diagnostics,diagnosis pada laki-laki tersebut adalah ?,
ginjal-2019,22,Diagnostics,mana interpretasi hasil laboratorium yang paling tepat untuk kasus di atas?,
ginjal-2019,23,Pharmacology,apa efek samping dari obat tersebut ?,
ginjal-2019,24,Diagnostics,mana pernyataan yang sesuai dengan kelainan ini?,
ginjal-2019,25,Recall,apa nama persyarafan yang memberikan rasa nyeri saat bak?,
ginjal-2019,26,Diagnostics,apa komplikasi dari kasus tersebut?,
ginjal-2019,27,Pharmacology,bagaimanakah tatalaksana untuk pasien ini?,
ginjal-2019,28,Diagnostics,apa nama kelainan yang dirasakan pasien ini?,
ginjal-2019,29,Anatomy,"organ tersebut memiliki saluran yang bemuara pada ureter proksimal, yaitu?",
ginjal-2019,30,Pharmacology,apa tindakan awal yang harus dikerjakan pada pasien ini?,
ginjal-2019,31,Diagnostics,apa diagnosis pada pasien ini?,
ginjal-2019,32,Diagnostics,apa diagnosis yang paling mungkin untuk pasien ini?,
ginjal-2019,33,Anatomy,permukaan ureter sisi kanan tersebut berhubungan dengan?,
ginjal-2019,34,Anatomy,"berikut ini, mana urutan struktur anatomi yang benar dari prosedur insersi kateter urin?",
ginjal-2019,35,Diagnostics,kondisi mana yang ditunjukkan oleh gambaran laboratorium tersebut ?,
ginjal-2019,36,Physiology,patofisiologi pada wanita tersebut adalah ?,
ginjal-2019,37,Physiology,yang dapat meningkatkan sekresi renin adalah ?,
ginjal-2019,38,Pharmacology,pilihan terapi yang paling tepat untuk kasus ini adalah?,
ginjal-2019,39,Recall,apa pemeriksaan yang akan dianjurkan untuk memastikan berapa banyak protein yang keluar?,
ginjal-2019,40,Diagnostics,mana kelainan yang memungkinkan pada kasus tersebut?,
ginjal-2019,41,Diagnostics,"pada pemeriksaan rontgen, gambaran yang mungkin tampak terkait kondisi pasien adalah ?",
ginjal-2019,42,Diagnostics,apa kemungkinan penyebab kelainan tersebut?,
ginjal-2019,43,Physiology,apa penyebab terbanyak kasus ini?,
ginjal-2019,44,Diagnostics,pemeriksaan baku emas untuk menyokong diagnosis di atas adalah?,
ginjal-2019,45,Recall,najisnya dikategorikan sebagai?,
ginjal-2019,46,Diagnostics,apa diagnosis yang paling mungkin pada pasien ini?,
ginjal-2019,47,Recall,apa nama saluran yang lumennya ditunjuk dengan tanda panah?,
ginjal-2019,48,Diagnostics,anak tersebut diduga menderita sakit ?,
ginjal-2019,49,Diagnostics,bagaimanakah sumber sampel urin yang paling baik didapatkan pada kasus ini?,
ginjal-2019,50,Diagnostics,apa diagnosis yang paling mungkin untuk pasien ini?,
ginjal-2019,51,Diagnostics,apa diagnosis yang paling mungkin untuk pasien ini?,
ginjal-2019,52,Diagnostics,apa diagnosis pada pasien ini?,
ginjal-2019,53,Pharmacology,apa terapi untuk pasien ini?,
ginjal-2019,54,Diagnostics,pada sistitis akut yang disertai gejala hematuri adalah ?,
ginjal-2019,55,Diagnostics,makromolekul apa yang dimaksud?,
ginjal-2019,56,Pharmacology,mana dari pernyataan mengenai mekanisme kerja obat tersebut yang paling tepat?,
ginjal-2019,57,Pharmacology,obat analgesic apa yang merupakan pilihan untuk pasien ini ?,
ginjal-2019,58,Physiology,berikut ini mana pernyataan yang benar mengenai glandula bulbourethralis?,
ginjal-2019,59,Diagnostics,hasil nitrit positif di atas disebabkan oleh?,
ginjal-2019,60,Histology,parameter urinalisa mana yang dianggap patognomonik untuk isk atas ?,
ginjal-2019,61,Diagnostics,apa diagnosis yang paling tepat untuk pasien tersebut?,
ginjal-2019,62,Physiology,apa penyebab anemia pada pasien ini?,
ginjal-2019,63,Diagnostics,apa diagnosis pada pasien ini?,
ginjal-2019,64,Diagnostics,apa diagnosis tambahan pada pasien ini?,
ginjal-2019,65,Physiology,apa yang menyebabkan timbulnya keluhan pada pasien ini?,
ginjal-2019,66,Pharmacology,menurut anda pilihan antibiotik mana yang paling tepat diberikan?,
ginjal-2019,67,Physiology,seseorang yang melakukan exercise akan menyebabkan ?,
ginjal-2019,68,Physiology,apa kemungkinan penyebab poliuri pada pasien tersebut?,
ginjal-2019,69,Physiology,apa bakteri penyebab infeksi ini?,
ginjal-2019,70,Diagnostics,apa sampel pemeriksaan penunjang yang paling tepat diambil untuk digunakan dalam menentukan diagnosis pada pasien ini?,
ginjal-2019,71,Recall,apa nama celah yang ditunjuk oleh tanda panah pada gambar?,
ginjal-2019,72,Diagnostics,apa komplikasi yang mungkin terjadi pada kasus ini?,
ginjal-2019,73,Physiology,bagaimana mekanisme transpor protein yang ditunjukkan oleh gambar di atas?,
ginjal-2019,74,Diagnostics,apa kemungkinan penyebab anemia pada pasien tersebut?,
ginjal-2019,75,Recall,nyeri saat berkemih merupakan salah satu gejala karena ?,
ginjal-2019,76,Recall,hormon apa yang dimaksud?,
ginjal-2019,77,Diagnostics,apa diagnosis pasien ini?,
ginjal-2019,78,Diagnostics,apa diagnosis pasien ini?,
ginjal-2019,79,Anatomy,apa nama daerah yang ditunjuk pada jarak kedua panah tersebut?,
ginjal-2019,80,Diagnostics,bakteri apa penyebab infeksi saluran kemih pada pasien tersebut?,
ginjal-2019,81,Diagnostics,ektopia kandung kemin terjadi ?,
ginjal-2019,82,Diagnostics,pada ureter kembar terdapat manifestasi klinis berupa ?,
ginjal-2019,83,Pharmacology,bagaimanakah tatalaksana untuk pasen ini?,
ginjal-2019,84,Diagnostics,"kter menganjurkan pemeriksaan lanjutan untuk menilai derajat proteinuria untuk mengetahui kadar proteinuria pada pasien ini, tes apa yang sebaiknya dianjurkan ?",
ginjal-2019,85,Diagnostics,apa diagnosis yang paling mungkin untuk pasien ini?,
ginjal-2019,86,Physiology,apa etiologi terbanyak kelainan ini?,
ginjal-2019,87,Diagnostics,apa gambaran radiologi yang paling sesuai klinis pasien?,
ginjal-2019,88,Pharmacology,bagaimanakah mekanisme kerja obat tersebut ?,
ginjal-2019,89,Histology,sklerosis pada kurang dari 50% glomerulus di sebut?,
ginjal-2019,90,Diagnostics,apa tindakan yang akan dilakukan dokter berikutnya?,
ginjal-2019,91,Diagnostics,"selain pemeriksaan laboratorium di atas, mana pemeriksaan lain yang dapat digunakan untuk menilai fungsi ginjal dengan lebih akurat?",
ginjal-2019,92,Diagnostics,apa obat anti hipertensi yang sesuai dengan diagnosis pasien ini?,
ginjal-2019,93,Recall,apa nama kanal yang dimaksud?,
ginjal-2019,94,Diagnostics,apa diagnosis yang paling mungkin?,
ginjal-2019,95,Histology,apa kelainan histologi terbanyak pada kelainan tersebut?,
ginjal-2019,96,Anatomy,yang meningkatkan aliran darah di bagian korteks ginjal adalah ?,
ginjal-2019,97,Physiology,bagaimanakah patogenesis terjadinya proteinuria pada pasien tersebut?,
ginjal-2019,98,Physiology,apa etiologi terbanyak kelainan ini?,
ginjal-2019,99,Diagnostics,kelainan yang dapat timbul akibat penyakit tersebut adalah ?,
ginjal-2019,100,Recall,mana diantara kelompok kelainan dibawah ini yang dapat dideteksi dari bau urin yang khas?,
ginjal-2020,1,Anatomy,di mana lokasi tersering terjadinya penyumbatan secara anatomis pada kasus ini?,
ginjal-2020,2,Physiology,mikroorganisme penyebab terbanyak kasus ini adalah...,
ginjal-2020,3,Physiology,penyempitan fisiologis ureter tempat tersangkutnya batu tersebut didasarkan atas struktur...,
ginjal-2020,4,Recall,mana jenis tubulus di bawah ini yang mempunyai karakteristik khusus pada permukaan sel epitelnya memiliki mikrovili tebal (brush border)?,
ginjal-2020,5,Anatomy,"secara anatomis, organ ginjal yang mengalami kelainan terletak pada rongga...",
ginjal-2020,6,Diagnostics,kemungkinan diagnosis kelainan patologi renal yang terjadi pada anak tersebut adalah...,
ginjal-2020,7,Physiology,apa penyebab utama patofisiologi terjadinya bengkak/proteinuria tersebut?,
ginjal-2020,8,Diagnostics,interpretasi fungsi ginjal yang paling tepat adalah...,
ginjal-2020,9,Physiology,mana saluran/kanal transpor air spesifik yang diaktifkan oleh adh pada sel prinsipal duktus koligens tersebut?,
ginjal-2020,10,Histology,struktur sel glomerulus yang membentuk celah filtrasi (slit diaphragm) bersama membran basalis adalah...,
ginjal-2020,11,Histology,kelainan histopatologis ini sesuai dengan...,
ginjal-2020,12,Diagnostics,obstruksi kronis atau akut akibat pembesaran prostat tersebut paling sering memicu komplikasi langsung berupa...,
ginjal-2020,13,Anatomy,dari mana stroma mioepitel/otot polos pada kelenjar prostat berasal secara perkembangan jaringan?,
ginjal-2020,14,Diagnostics,pemeriksaan baku emas (gold standard) untuk menilai detail anatomi dan obstruksi ginjal tersebut adalah...,
ginjal-2020,15,Diagnostics,orium spesifik eksogen/endogen yang paling mendekati baku emas untuk pengukuran laju filtrasi glomerulus (lfg) murni tanpa disekresi atau direabsorpsi adalah...,
ginjal-2020,16,Recall,"menurut kaidah fikih dan hukum islam, urin manusia (baik dewasa maupun anak yang sudah mengonsumsi makanan selain asi) dikategorikan sebagai najis...",
ginjal-2020,17,Recall,pengategorian hukum najis pada urin bayi laki-laki berusia di bawah 2 tahun yang belum mengonsumsi makanan/minuman apapun selain asi tergolong sebagai...,
ginjal-2020,18,Pharmacology,tindakan penanganan awal yang paling tepat adalah...,
ginjal-2020,19,Diagnostics,kelainan metabolik yang terjadi pada pasien ini adalah...,
ginjal-2020,20,Diagnostics,metode pengambilan sampel urin yang paling baik (gold standard steril) untuk evaluasi kultur pada anak ini adalah...,
ginjal-2020,21,Diagnostics,diagnosis yang paling tepat adalah...,
ginjal-2020,22,Physiology,bagaimanakah respons fisiologis pembuluh darah ginjal yang normal saat terjadi peningkatan tekanan darah arterial sistemik?,
ginjal-2020,23,Diagnostics,apa diagnosis yang paling tepat?,
ginjal-2020,24,Anatomy,mana dari urutan aliran darah berikut yang benar ketika melewati mikrosirkulasi nefron ginjal?,
ginjal-2020,25,Anatomy,bagian struktur anatomi ginjal mana yang menjadi hilus (tempat keluar masuknya pembuluh darah renalis dan proksimal ureter)?,
ginjal-2020,26,Diagnostics,"berdasarkan klasifikasi esh/esc, kategorisasi tekanan darah pada pasien ini tergolong sebagai...",
ginjal-2020,27,Recall,temuan urinalisis mana yang patognomonik untuk infeksi saluran kemih (isk) atas / pielonefritis?,
ginjal-2020,28,Recall,pernyataan laboratorium dan patofisiologis berikut yang paling benar mengenai kriteria perjalanan pgk adalah...,
ginjal-2020,29,Anatomy,"pada anatomi pria, di mana letak otot tersebut?",
ginjal-2020,30,Diagnostics,diagnosis yang paling mungkin adalah...,
ginjal-2020,31,Physiology,penyebab poliuria pada pasien ini adalah...,
ginjal-2020,32,Pharmacology,golongan obat antihipertensi pilihan utama yang tepat untuk mencegah progresivitas kerusakan ginjal nefropati diabetik pada pasien ini adalah...,
ginjal-2020,33,Physiology,patogenesis utama yang mendasari terjadinya penumpukan cairan (edema) masif pada kasus ini adalah...,
ginjal-2020,34,Physiology,penyebab sensasi nyeri disuria pada infeksi kandung kemih (sistitis) berkaitan dengan rangsangan transmisi saraf pada...,
ginjal-2020,35,Diagnostics,kondisi infeksi ini dikategorikan sebagai...,
ginjal-2020,36,Physiology,bakteri penyebab isk yang paling mungkin adalah...,
ginjal-2020,37,Diagnostics,diagnosis yang paling mungkin adalah...,
ginjal-2020,38,Anatomy,urutan muara anatomi luar uretra yang pertama kali dimasuki oleh ujung kateter adalah...,
ginjal-2020,39,Recall,tindakan definitif yang tepat adalah...,
ginjal-2020,40,Pharmacology,mana golongan obat hipertensi yang kontraindikasi diberikan pada pasien ini?,
ginjal-2020,41,Pharmacology,terapi antibiotik lini pertama rawat jalan yang paling aman dan tepat untuk sistitis/isk tanpa komplikasi pada remaja wanita adalah...,
ginjal-2020,42,Pharmacology,bb 30 kg. terapi lini pertama berbasis panduan standar urologi/nefrologi anak indonesia (idai) untuk menginduksi remisi adalah pemberian glukokortikoid...,
ginjal-2020,43,Physiology,gangguan metabolisme mineral yang melandasi kondisi osteodistrofi renal tersebut adalah...,
ginjal-2020,44,Histology,"secara anatomi histologi, jaringan epitel khusus yang melapisi lumen vesika urinaria dan ureter yang memiliki kemampuan meregang sesuai volume cairan adalah...",
ginjal-2020,45,Recall,struktur pembungkus paling luar yang mengikat ginjal dan jaringan lemak perirenal ke dinding posterior abdomen adalah...,
ginjal-2020,46,Diagnostics,diagnosis yang paling tepat adalah...,
ginjal-2020,47,Anatomy,pembuluh darah percabangan langsung dari arteri interlobaris yang berjalan melengkung di sepanjang batas antara korteks dan medula ginjal adalah...,
ginjal-2020,48,Diagnostics,mikroorganisme yang paling sering terkait pembentukan batu struvit (magnesium amonium fosfat) ini adalah...,
ginjal-2020,49,Physiology,zat sisa metabolisme utama yang berasal dari katabolisme protein dan gugus asam amino adalah...,
ginjal-2020,50,Pharmacology,bagaimanakah mekanisme kerja utama obat kombinasi tersebut?,
ginjal-2020,51,Pharmacology,pilihan obat lini pertama yang bekerja cepat merelaksasi otot polos leher kandung kemih dan prostat untuk memperlancar aliran miksi adalah...,
ginjal-2020,52,Physiology,mana substansi yang diserap kembali (direabsorpsi) secara sempurna 100% pada tubulus kontortus proksimal dalam kondisi fisiologis normal?,
ginjal-2020,53,Physiology,mana zat/metabolit di bawah ini yang dapat menyebabkan perubahan warna urin menjadi merah kemerahan secara non-patologis akibat konsumsi obat anti-tuberkulosis?,
ginjal-2020,54,Diagnostics,diagnosis yang paling tepat adalah...,
ginjal-2020,55,Diagnostics,"ika pemeriksaan sedimen urin harus ditunda, zat pengawet urin yang paling baik untuk mempertahankan morfologi unsur organik (sel dan silinder) sedimen adalah...",
ginjal-2020,56,Diagnostics,diagnosis yang paling mungkin adalah...,
ginjal-2020,57,Diagnostics,mana interpretasi laboratorium yang paling tepat?,
ginjal-2020,58,Recall,"celah tempat masuk dan keluarnya pembuluh darah, saraf, serta ureter proksimal pada ginjal disebut...",
ginjal-2020,59,Physiology,salah satu dalil/alasan syar i yang melandasinya adalah...,
ginjal-2020,60,Physiology,zat/senyawa di bawah ini yang dapat menyebabkan perubahan warna urin menjadi merah kemerahan akibat konsumsi zat warna atau indikator kimia adalah...,
ginjal-2020,61,Physiology,nitrogenous waste hasil utama akhir perombakan dan metabolisme katabolisme asam amino/protein yang diekskresikan melalui urin adalah...,
ginjal-2020,62,Anatomy,"pada saluran uretra pria, letak spesifik otot ini berada di...",
ginjal-2020,63,Physiology,patogenesis utama yang memicu proteinuria masif dan edema pada pasien ini adalah...,
ginjal-2020,64,Anatomy,bagaimanakah respons kompensasi miogenik ginjal yang normal saat terjadi lonjakan tekanan darah arteri sistemik?,
ginjal-2020,65,Diagnostics,langkah awal pemeriksaan penunjang urinalisis yang paling penting untuk menegakkan diagnosis sindrom nefrotik adalah evaluasi...,
ginjal-2020,66,Anatomy,tempat masuknya vaskularisasi (arteri dan vena renalis) serta bagian proksimal pelvis renalis pada ginjal adalah...,
ginjal-2020,67,Diagnostics,interpretasi hasil laboratorium yang paling tepat adalah...,
ginjal-2020,68,Diagnostics,metode pengambilan sampel urin yang paling tepat dan praktis dilakukan pada anak yang sudah kooperatif/toilet-trained ini adalah...,
ginjal-2020,69,Physiology,etiologi bakteri penyebab terbanyak pada kasus ini adalah...,
ginjal-2020,70,Diagnostics,diagnosis yang paling mungkin adalah...,
ginjal-2020,71,Recall,kelainan/kerusakan utama pada kasus glomerulonefritis ini berlokasi di...,
ginjal-2020,72,Diagnostics,kelainan yang paling mungkin adalah...,
ginjal-2020,73,Histology,istilah histopatologi untuk keterlibatan seluruh rumbai glomerulus tersebut adalah...,
ginjal-2020,74,Physiology,patofisiologi kebocoran protein tersebut disebabkan oleh...,
ginjal-2020,75,Diagnostics,"pemeriksaan penunjang pencitraan lini pertama yang paling aman, cepat, dan non-invasif untuk menilai distensi kandung kemih dan volume urin sisa adalah...",
ginjal-2020,76,Diagnostics,diagnosis yang paling mungkin adalah...,
ginjal-2020,77,Diagnostics,diagnosis yang paling tepat adalah...,
ginjal-2020,78,Histology,amina basalis dan matriks glomerulus dibersihkan dari penumpukan makromolekul dan kompleks imun imunologis secara difagositosis secara terus menerus oleh sel...,
ginjal-2020,79,Anatomy,lokasi kerja target utama hormon aldosteron di ginjal berada pada...,
ginjal-2020,80,Physiology,klasifikasi etiologi penyebab gagal ginjal/gangguan ginjal pada pasien ini tergolong...,
ginjal-2020,81,Recall,"berdasarkan kriteria rifle / kdigo untuk acute kidney injury (aki), kondisi anuria/oliguria parah ini masuk dalam kriteria...",
ginjal-2020,82,Diagnostics,kelainan yang paling mungkin pada pasien tersebut adalah...,
ginjal-2020,83,Anatomy,lembaran jaringan ikat fascia yang terbuka/terbelah pada bagian medial ginjal sebagai jalan melintasnya pembuluh darah renalis dan pelvis renalis adalah...,
ginjal-2020,84,Histology,bentuk kelainan peradangan ini disebut...,
ginjal-2020,85,Recall,gambaran khas batu asam urat murni pada pemeriksaan foto polos abdomen (bno) adalah...,
ginjal-2020,86,Anatomy,di mana lokasi penyempitan anatomis fisiologis ureter yang paling proksimal?,
ginjal-2020,87,Physiology,oregulation (laju filtrasi glomerulus dan aliran darah renal) dapat berjalan konstan dan stabil jika tekanan darah arteri rata-rata (map) berada pada rentang...,
ginjal-2020,88,Pharmacology,bagaimanakah mekanisme kerja utama obat dutasteride/finasteride tersebut?,
ginjal-2020,89,Diagnostics,parameter pemeriksaan laboratorium urinalisis yang paling spesifik mengonfirmasi adanya kerusakan pada membran glomerulus adalah...,
ginjal-2020,90,Anatomy,sifik sepanjang saluran nefron ginjal yang bertanggung jawab melakukan reabsorpsi air paling banyak secara kontinyu (sekitar 65% dari total filtrat glomerulus)?,
ginjal-2020,91,Diagnostics,diagnosis yang paling tepat adalah...,
ginjal-2020,92,Physiology,obstruksi aliran urin vesika yang tidak tertangani pada bph dapat menyebabkan komplikasi berupa...,
ginjal-2020,93,Physiology,sel jukstaglomerulus (juxtaglomerular cells) yang berfungsi mensekresikan hormon renin ke dalam sirkulasi darah terutama terletak pada dinding...,
ginjal-2020,94,Physiology,asi ginjal (renal autoregulation) akan mengalami kegagalan dan ketidakmampuan mempertahankannya apabila tekanan darah arteri rata-rata (map) melonjak di atas...,
ginjal-2020,95,Diagnostics,pemeriksaan penunjang baku emas (gold standard) untuk mengonfirmasi diagnosis dan menentukan terapi antibiotik yang spesifik adalah...,
ginjal-2020,96,Physiology,"enal (suprarenalis) bagian korteks zona glomerulosa memproduksi hormon steroid utama yang berfungsi mengatur keseimbangan natrium dan kalium di ginjal, yaitu...",
ginjal-2020,97,Pharmacology,tatalaksana empiris antibiotik oral yang paling tepat dan safe untuk anak/remaja wanita ini adalah...,
ginjal-2020,98,Physiology,mana zat pigmen/metabolit normal di bawah ini yang paling bertanggung jawab memberi warna kuning fisiologis khas pada urin manusia?,
ginjal-2020,99,Physiology,bentuk sistitis yang khas ditandai hematuria makroskopik masif akibat kerusakan dan perdarahan pembuluh darah kapiler mukosa adalah...,
ginjal-2020,100,Diagnostics,apa diagnosis yang paling tepat?,
ginjal-2021,1,Diagnostics,gambaran radiologis yang paling sesuai dengan kondisi pasien tersebut adalah...,
ginjal-2021,2,Diagnostics,apa diagnosis yang tepat?,
ginjal-2021,3,Recall,mediator hormonal utama yang mendasari kelainan tersebut adalah...,
ginjal-2021,4,Pharmacology,efek samping apa yang paling mungkin dirasakan pasien?,
ginjal-2021,5,Physiology,bagian tubulus mana yang bersifat non-permeabel (impermeabel) terhadap air?,
ginjal-2021,6,Histology,istilah yang paling tepat untuk menggambarkan keterlibatan glomerulus tersebut adalah...,
ginjal-2021,7,Recall,nyeri saat berkemih pada infeksi saluran kemih bagian bawah timbul karena fenomena...,
ginjal-2021,8,Recall,"iblat 2) tidak berdiri saat buang air 3) menggunakan tangan kiri 4) boleh menggunakan air, batu, atau tisu bersuci 5) istinja merupakan ibadah bernilai thaharah",
ginjal-2021,9,Physiology,autoregulasi ginjal (renal autoregulation) untuk mempertahankan gfr tetap konstan bekerja efektif pada kisaran tekanan darah arteri rerata (map) berapa?,
ginjal-2021,10,Recall,"penggunaan organ babi untuk xenotransplantasi ginjal pada manusia menghadapi berbagai kendala utama, terutama dikarenakan oleh risiko...",
ginjal-2021,11,Recall,perubahan ini disebut sebagai...,
ginjal-2021,12,Recall,berapakah jumlah segmen arteri renalis utama?,
ginjal-2021,13,Recall,kelainan metabolik apa yang mendasari kondisi ini?,
ginjal-2021,14,Pharmacology,bagaimanakah tatalaksana lini pertama yang tepat?,
ginjal-2021,15,Diagnostics,obstruksi infravesikal akibat bph ini dapat memicu komplikasi klinis berupa...,
ginjal-2021,20,Anatomy,"pada saat terjadi peningkatan tekanan arteri rata-rata (map) pada arteri renalis, respon miogenik pembuluh darah ginjal yang normal adalah...",
ginjal-2021,21,Anatomy,pemeriksaan imajing gold standard lanjutan untuk pemetaan anatomi dan fungsi ekskresi sebelum operatif adalah...,
ginjal-2021,22,Diagnostics,apa diagnosis yang paling tepat?,
ginjal-2021,23,Diagnostics,diagnosis kelainan jantung sekunder hipertensi ini adalah...,
ginjal-2021,25,Recall,zat mana yang merupakan hasil katabolisme akhir dari protein dan asam amino?,
ginjal-2021,26,Physiology,bagaimanakah proses utama terjadinya umpan balik tersebut?,
ginjal-2021,28,Physiology,zat apa yang merupakan hasil katabolisme akhir dari asam nukleat (purin)?,
ginjal-2021,30,Diagnostics,kondisi poliuria ini disebabkan oleh...,
ginjal-2021,45,Anatomy,kelainan metabolik yang paling mungkin adalah...,
ginjal-2021,47,Anatomy,struktur ligamen anatomis yang berada di sebelah anterior dari persilangan ureter dan pembuluh darah pelvic tersebut adalah...,
ginjal-2021,50,Diagnostics,diagnosis yang sesuai adalah...,
ginjal-2021,52,Physiology,apa penyebab perbedaan hasil tersebut?,
ginjal-2021,53,Anatomy,mana lokasi penyempitan paling sempit di sepanjang ureter?,
ginjal-2021,54,Pharmacology,pilihan terapi farmakologis agonis alfa-adrenergik yang bekerja meningkatkan tonus sfingter uretra internal adalah...,
ginjal-2021,56,Diagnostics,bakteri yang dimaksud adalah...,
ginjal-2021,58,Diagnostics,diagnosis tumor tersebut adalah...,
ginjal-2021,60,Histology,faktor mana yang bertindak membantu (mendorong) terjadinya proses filtrasi glomerulus?,
ginjal-2021,66,Physiology,obstruksi urinary outflow akibat bph pada pasien ini disebabkan oleh hiperplasia parenkim prostat terutama pada daerah...,
ginjal-2021,70,Recall,isi glikosuria (terdapatnya glukosa dalam urin) yang terjadi tanpa disertai peningkatan kadar glukosa darah (tanpa hiperglikemia) dapat dijumpai pada kondisi...,
ginjal-2021,71,Diagnostics,"pada foto polos abdomen (bno), batu asam urat murni akan memberikan gambaran radiologis...",
ginjal-2021,78,Histology,coli uropatogenik (upec) yang memfasilitasi penempelan (adhesi) pada epitel mukosa saluran kemih adalah...,
ginjal-2021,79,Histology,mana lokasi target sel epitel utama kerja hormon aldosteron?,
ginjal-2021,81,Physiology,patomekanisme gagal ginjal akut pada pasien ini adalah...,
ginjal-2021,87,Recall,"m, seseorang yang mengalami kondisi medis tidak mampu menahan buang air kecil sehingga urin menetes terus-menerus (inkontinensia urin) disebut dengan istilah...",
ginjal-2021,99,Physiology,penyebab utama anemia pada pasien ckd terminal ini adalah...,
ginjal-2021,100,Physiology,bakteri penyebab isk tersebut adalah...,
ginjal-2022,1,Diagnostics,pemeriksaan penunjang untuk menegakkan diagnosis adalah...,
ginjal-2022,2,Physiology,apa penyebab perbedaan hasil carik celup dengan mikroskopik?,
ginjal-2022,3,Diagnostics,pemeriksaan penunjang apa yang dapat dilakukan?,
ginjal-2022,4,Diagnostics,pemeriksaan fisik ditemukan nyeri pada pinggang kiri. apa diagnosisnya?,
ginjal-2022,5,Histology,apa jenis epitel yang disebut diatas?,
ginjal-2022,6,Diagnostics,apa diagnosis kelainan pasien?,
ginjal-2022,7,Histology,apa yang mempengaruhi proses filtrasi yang terjadi di glomerulus?,
ginjal-2022,8,Recall,bagian apa yang dimaksud?,
ginjal-2022,9,Recall,bagian dari nefron yang permeabel untuk air adalah...,
ginjal-2022,10,Recall,berapa persenkah reabsorbsi air dan solut di tubulus proksimal?,
ginjal-2022,11,Diagnostics,apa nama kelainan yang dirasakan pasien ini?,
ginjal-2022,12,Recall,apa status najis dari air kencing tersebut?,
ginjal-2022,13,Anatomy,"pada laki-laki, dimanakah letak otot tersebut?",
ginjal-2022,14,Physiology,faktor virulensi dari patogenesis bakteri yang menyebabkan bakteri menempel di mukosa saluran kemih dan disebut uropatogen adalah...,
ginjal-2022,15,Pharmacology,obat apa yang tepat untuk tujuan tersebut?,
ginjal-2022,16,Physiology,bagaimana patomekanisme terjadinya kondisi ginjal tersebut?,
ginjal-2022,17,Pharmacology,efek samping yang sering timbul dari obat tersebut adalah...,
ginjal-2022,18,Physiology,apa bakteri penyebab infeksi saluran kemih pada pasien ini?,
ginjal-2022,19,Pharmacology,apa tatalaksana medikamentosa yang tepat untuk alkalisasi urin?,
ginjal-2022,20,Recall,gambaran batu yang mungkin terlihat pada foto polos radiologi adalah...,
ginjal-2022,21,Pharmacology,obat apa yang paling tepat untuk memperbaiki aliran (flow) urin dalam waktu cepat?,
ginjal-2022,22,Diagnostics,pemeriksaan penunjang laboratorium/fungsi yang tepat dilakukan sebelum terapi adalah...,
ginjal-2022,23,Anatomy,apa nama struktur anatomis yang dimaksud?,
ginjal-2022,24,Anatomy,struktur anatomi yang berperan mencegah regurgitasi (refluks) urin dari vesika urinaria ke ureter adalah...,
ginjal-2022,25,Diagnostics,diagnosis yang paling tepat adalah...,
ginjal-2022,26,Physiology,zat vasodilatator yang secara spesifik dapat meningkatkan aliran darah renal (rbf) dan perfusi korteks ginjal adalah...,
ginjal-2022,27,Histology,"pada persamaan gaya starling yang menentukan laju filtrasi glomerulus, mana faktor yang tepat?",
ginjal-2022,28,Recall,bagaimanakah hukum khitan bagi laki-laki dan perempuan menurut mayoritas pandangan hukum islam?,
ginjal-2022,29,Histology,apa yang menyebabkan perbedaan warna urin makroskopis dengan hasil mikroskopis tersebut?,
ginjal-2022,30,Physiology,peten secara hukum (misalnya penderita skizofrenia berat atau keterbelakangan mental) menurut regulasi etik kedokteran medis secara umum memerlukan ketentuan...,
ginjal-2022,31,Physiology,kandungan apa yang terdapat dalam urin sehingga menyebabkan warna tersebut?,
ginjal-2022,32,Recall,apa definisi patologis varikokel?,
ginjal-2022,33,Recall,berapakah umur ideal atau syarat utama tindakan sirkumsisi pada anak dengan kelainan hipospadia?,
ginjal-2022,34,Diagnostics,pemeriksaan laboratorium awal mana yang paling sensitif dan spesifik untuk menajamkan penanda kerusakan ginjal (kidney damage)?,
ginjal-2022,35,Diagnostics,"pada gambaran foto polos radiologi saluran kemih (bno), jenis batu mana yang memberikan gambaran radioopak (tampak putih terang)?",
ginjal-2022,36,Diagnostics,pemeriksaan penunjang baku emas (gold standard) untuk mengevaluasi derajat cedera ginjal pada trauma tumpul abdomen adalah...,
ginjal-2022,37,Physiology,pemeriksaan biomarker laboratorium mana yang lebih akurat untuk menilai penurunan gfr awal saat massa otot pasien menurun?,
ginjal-2022,38,Recall,apa kelenjar yang dimaksud?,
ginjal-2022,39,Diagnostics,bakteri apa yang paling mungkin menjadi etiologi sistitis akut pada wanita muda/lansia ini?,
ginjal-2022,40,Recall,bagaimanakah tata cara bersuci (membersihkan) pakaian yang terkena kencing tersebut sesuai syariat islam?,
ginjal-2022,41,Physiology,apa etiologi tersering dari kelainan ini pada anak-anak?,
ginjal-2022,42,Diagnostics,"k mengonfirmasi kecurigaan nefrolitiasis/urolitiasis atau kelainan traktus urinarius secara aman dan cepat, pemeriksaan radiologi awal yang dianjurkan adalah...",
ginjal-2022,43,Diagnostics,diagnosis kategori hipertensi yang tepat adalah...,
ginjal-2022,44,Diagnostics,apa diagnosis yang paling tepat?,
ginjal-2022,45,Pharmacology,bagaimana tatalaksana utama yang sesuai?,
ginjal-2022,46,Diagnostics,mana pemeriksaan penunjang pencitraan non-invasif lini pertama yang digunakan untuk menentukan posisi keberadaan testis?,
ginjal-2022,47,Pharmacology,apa tatalaksana awal yang paling tepat dan mendesak?,
ginjal-2022,48,Diagnostics,apa diagnosis yang paling mungkin?,
ginjal-2022,49,Physiology,apa patomekanisme utama yang menyebabkan edema pada pasien ini?,
ginjal-2022,50,Recall,apa istilah medis untuk kelainan bawaan tersebut?,
ginjal-2022,51,Physiology,apa faktor etiologi mendasar timbulnya kelainan tersebut?,
ginjal-2022,52,Diagnostics,pemeriksaan baku emas (gold standard) untuk mengonfirmasi letak dan ukuran batu saluran kemih adalah...,
ginjal-2022,53,Pharmacology,bagaimanakah mekanisme kerja obat tersebut?,
ginjal-2022,54,Recall,langkah pemeriksaan evaluasi fungsi ginjal mana yang paling tepat disimpulkan?,
ginjal-2022,55,Physiology,kategori etiologi gagal ginjal akut (aki) mana kasus tersebut?,
ginjal-2022,56,Pharmacology,obat apa yang dimaksud?,
ginjal-2022,57,Physiology,apa patomekanisme utama pekatnya warna urin pasien tersebut?,
ginjal-2022,58,Recall,"bb 70 kg. berdasarkan kriteria rifle untuk acute kidney injury, pasien berada dalam kriteria...",
ginjal-2022,59,Diagnostics,diagnosis yang paling tepat adalah...,
ginjal-2022,60,Diagnostics,apa diagnosis yang paling tepat?,
ginjal-2022,61,Pharmacology,tatalaksana medikamentosa untuk pelarutan batu dan pencegahan rekurensi adalah...,
ginjal-2022,62,Diagnostics,sampel pemeriksaan urin mana yang paling tepat dan baku digunakan untuk kultur bakteri pada anak yang sudah kooperatif?,
ginjal-2022,63,Histology,jenis epitel tersebut adalah...,
ginjal-2022,64,Diagnostics,masalah utama pasien ini adalah...,
ginjal-2022,65,Diagnostics,mana kriteria data laboratorium pendukung kriteria diagnosis pgk menurut kdigo?,
ginjal-2022,66,Anatomy,di mana lokasi tersering kateter tertekuk/tersangkut tersebut?,
ginjal-2022,67,Physiology,faktor etiologi dan patofisiologi utama mendasar berkembangnya kondisi ini adalah...,
ginjal-2022,68,Diagnostics,diagnosis mana yang paling mungkin?,
ginjal-2022,69,Diagnostics,diagnosis paling tepat pada pasien ini adalah...,
ginjal-2022,70,Anatomy,"secara anatomis, organ ginjal yang mengalami kelainan terletak di dalam rongga...",
ginjal-2022,71,Physiology,etiologi utama penyebab anemia pada pasien ini adalah...,
ginjal-2022,72,Pharmacology,golongan obat antihipertensi mana yang sekaligus dapat merelaksasi otot polos prostat untuk mengurangi keluhan luts/retensi pasien?,
ginjal-2022,73,Physiology,etiologi terbanyak kelainan ini adalah...,
ginjal-2022,74,Physiology,kategori gangguan renal mana ini?,
ginjal-2022,75,Pharmacology,kombinasi terapi medikamentosa mana yang paling efektif untuk merelaksasi tonus otot sekaligus memperkecil volume prostat?,
ginjal-2022,76,Pharmacology,obat antihipertensi lini pertama mana yang terbukti memiliki efek renoprotektif memperlambat progresivitas nefropati diabetik?,
ginjal-2022,77,Pharmacology,apa perbedaan utama terapi di antara kedua kondisi tersebut?,
ginjal-2022,78,Diagnostics,diagnosis yang paling mungkin adalah...,
ginjal-2022,79,Diagnostics,diagnosis yang paling mungkin adalah...,
ginjal-2022,80,Physiology,apa faktor fisiologis utama yang memicu terjadinya edema interstisial tersebut?,
ginjal-2022,81,Anatomy,"lam anatomi makroskopis ginjal, sebutan untuk gabungan satu piramida renalis beserta jaringan korteks dan kolumna renalis (bertini) yang membatasinya disebut...",
ginjal-2022,82,Diagnostics,gambaran radiologis khas pada pemeriksaan sistografi / ivp kasus tersebut adalah...,
ginjal-2022,83,Physiology,apa mekanisme utama yang mendasari tubuloglomerular feedback (tgf) saat terjadi peningkatan penyampaian nacl ke makula densa?,
ginjal-2022,84,Diagnostics,parameter kalkulasi mana yang paling tepat digunakan untuk menentukan stadium keparahan fungsi ginjal pasien?,
ginjal-2022,85,Pharmacology,bagaimanakah mekanisme kerja utama antibiotik golongan sulfonamida (misal sulfametoksazol) dalam menghambat pertumbuhan bakteri?,
ginjal-2022,86,Pharmacology,langkah tatalaksana non-farmakologis awal yang harus selalu diterapkan mendasari tatalaksana hipertensi anak adalah...,
ginjal-2022,87,Physiology,apa alasan mendasar mayoritas ulama dan lembaga fikih islam melarang praktek jual beli organ tubuh manusia untuk tindakan transplantasi?,
ginjal-2022,88,Anatomy,komponen penyusun aparatus jukstaglomerulus (jga) pada nefron ginjal selain sel jukstaglomerulus (penghasil renin) adalah...,
ginjal-2022,89,Pharmacology,enzim spesifik mana yang diinhibisi secara langsung oleh antibiotik golongan sulfonamida pada bakteri?,
ginjal-2022,90,Diagnostics,diagnosis yang paling mungkin adalah...,
ginjal-2022,91,Physiology,apa etiologi mendasar gagal ginjal akut (aki) pada pasien ini?,
ginjal-2022,92,Pharmacology,pilihan antibiotik oral lini pertama yang tepat untuk rawat jalan isk tanpa komplikasi pada anak adalah...,
ginjal-2022,93,Physiology,coli yang paling berperan menempel pada mukosa urotelium kandung kemih?,
ginjal-2022,94,Pharmacology,pilihan obat yang tepat adalah...,
ginjal-2022,95,Pharmacology,parameter terapi utama mana yang membedakan regimen terapi di antara kedua kondisi tersebut?,
ginjal-2022,96,Anatomy,bangunan anatomis makroskopis ginjal yang terdiri dari satu piramid renalis beserta jaringan korteks dan kolumna renalis yang membatasinya dinamakan...,
ginjal-2022,97,Physiology,"selain pemeriksaan di atas, laboratorium mana yang paling akurat untuk menilai penurunan laju filtrasi ginjal awal saat massa otot pasien menurun?",
ginjal-2023,1,Diagnostics,pemeriksaan penunjang untuk menegakkan diagnosis adalah...,
ginjal-2023,2,Diagnostics,apa organ yang mengalami kerusakan?,
ginjal-2023,3,Diagnostics,apa bakteri yang dimaksud?,
ginjal-2023,4,Pharmacology,efek samping utama dari obat ini adalah:,
ginjal-2023,5,Pharmacology,obat yang paling mungkin menyebabkan efek samping tersebut adalah?,
ginjal-2023,6,Recall,"menurut hukum di amerika serikat, pengambilan organ dari donor inkompeten (tidak mampu memberikan persetujuan) hanya boleh dilakukan apabila?",
ginjal-2023,7,Diagnostics,diagnosis paling mungkin adalah:,
ginjal-2023,8,Anatomy,struktur anatomi yang menahan regurgitasi urin dari vu ke ureter adalah?,
ginjal-2023,9,Physiology,apa etiologi terbanyak kelainan ini?,
ginjal-2023,10,Diagnostics,apa diagnosis pada pasien ini?,
ginjal-2023,11,Physiology,apa etiologi terbanyak kelainan ini?,
ginjal-2023,12,Pharmacology,obat yang dapat membantu mengeluarkan batu urin adalah?,
ginjal-2023,13,Recall,dokter spesialis apa yang menyatakan bahwa pasien tersebut sudah meninggal dunia?,
ginjal-2023,14,Diagnostics,apa diagnosis pasien ini?,
ginjal-2023,15,Histology,apa jenis epitel yang disebut di atas?,
ginjal-2023,16,Anatomy,"pada laki-laki, dimanakah letak otot tersebut?",
ginjal-2023,17,Physiology,apa penyebab dari kelainan di atas?,
ginjal-2023,18,Pharmacology,terapi simptomatik apa yang dapat digunakan pada pasien ini?,
ginjal-2023,19,Recall,"setelah dilakukan pemeriksaan, ditemukan laserasi <1cm pada ginjal:",
ginjal-2023,20,Anatomy,flank area merupakan area yang terletak antara:,
ginjal-2023,21,Physiology,apa penyebab adanya edema pada pasien ini?,
ginjal-2023,22,Pharmacology,pemeriksaan yang dilakukan sebelum terapi steroid/imunosupresan adalah:,
ginjal-2023,23,Anatomy,struktur anatomi apa yang berjalan menyilang tepat di bawah arteri uterina?,
ginjal-2023,24,Diagnostics,apa diagnosis pasien tersebut?,
ginjal-2023,25,Diagnostics,apa gambaran radiologi yang paling sesuai klinis pasien?,
ginjal-2023,26,Diagnostics,pemeriksaan shifting dullness menandakan keberadaan:,
ginjal-2023,27,Physiology,faktor virulensi apa yang mungkin berperan utama dalam patogenesis penempelan bakteri penyebab pada mukosa saluran kemih?,
ginjal-2023,28,Recall,hukum dari najis tersebut adalah?,
ginjal-2023,29,Recall,bagaimana cara menghilangkan najisnya?,
ginjal-2023,30,Recall,bagaimana cara menyucikan najis dari bayi laki-laki berusia 4 bulan yang hanya minum asi?,
ginjal-2023,31,Diagnostics,apa diagnosis yang paling mungkin?,
ginjal-2023,32,Pharmacology,terapi cito paling tepat untuk pasien ini adalah?,
ginjal-2023,33,Diagnostics,apa komplikasi jangka panjang dari infeksi saluran kemih berulang pada anak?,
ginjal-2023,34,Recall,apa status najis dari air kencing tersebut?,
ginjal-2023,35,Pharmacology,apa perbedaan utama terapi pemberian dari kedua kondisi tersebut?,
ginjal-2023,36,Pharmacology,bagaimana mekanisme kerja utama dari obat tersebut?,
ginjal-2023,37,Recall, yang tersusun dari membran protein dan lemak yang kuat dan tidak tembus air serta melindungi sitoplasma dan lapisan dibawahnya terhadap efek urin yang disebut?,
ginjal-2023,38,Pharmacology,indikasi yang membolehkan pasien dirawat inap untuk pulang setelah respon terapi kortikosteroid adalah?,
ginjal-2023,39,Anatomy,otot volunter tersebut terletak dibagian?,
ginjal-2023,40,Anatomy,apa nama struktur pada bakteri yang memungkinkan menempel pada permukaan mukosa saluran kemih?,
ginjal-2023,41,Physiology,zat apa yang kemungkinan menyebabkan hasil tersebut?,
ginjal-2023,42,Pharmacology,apa tindakan yang paling tepat dilakukan dokter?,
ginjal-2023,43,Pharmacology,langkah awal yang tepat untuk mencegah komplikasi retensi dan cedera uretra lebih lanjut adalah?,
ginjal-2023,44,Diagnostics,pasien memiliki riwayat jatuh dari sepeda hingga perineum mengenai batang frame sepeda (straddle injury). apa diagnosis pasien?,
ginjal-2023,45,Physiology,bagaimana perubahan osmolalitas cairan dari glomerulus hingga awal duktus koligens secara fisiologis?,
ginjal-2023,46,Diagnostics,apa diagnosis paling tepat pada pasien ini?,
ginjal-2023,47,Pharmacology,mana dari pernyataan mengenai mekanisme kerja obat tersebut yang paling tepat?,
ginjal-2023,48,Diagnostics,kelainan apa yang paling mungkin terjadi pada pasien?,
ginjal-2023,49,Diagnostics,apa parameter utama yang dibutuhkan oleh dokter untuk menentukan dan menetapkan derajat/stadium penyakit gagal ginjal kronik (ckd)?,
ginjal-2023,50,Physiology,apa faktor risiko lingkungan/kebiasaan terbesar dari penyakit tersebut?,
ginjal-2023,51,Pharmacology,mana yang menjadi indikasi utama tindakan dialisis tersebut?,
ginjal-2023,52,Recall,"secara etika dan hukum transplantasi, siapakah yang berhak memberikan keputusan legal?",
ginjal-2023,53,Diagnostics,apa diagnosis paling mungkin?,
ginjal-2023,54,Physiology,mekanisme fisiologis mana yang menyebabkan gfr menurun pada kondisi syok hipovolemik tersebut?,
ginjal-2023,55,Diagnostics,"menurut kriteria aast, grade berapa trauma tersebut?",
ginjal-2023,56,Diagnostics,"untuk pemeriksaan isolasi/kultur bakteri, spesimen urin diambil dari?",
ginjal-2023,57,Diagnostics,metode yang paling baik dan baku untuk pengambilan spesimen urin rutin/kultur pada pasien ini adalah?,
ginjal-2023,58,Anatomy,bagian atau lobus pada prostat yang paling mudah diraba dan diidentifikasi pada saat pemeriksaan colok dubur (rectal toucher) adalah?,
ginjal-2023,59,Pharmacology,efek samping apa yang paling mungkin dikeluhkan pasien?,
ginjal-2023,60,Recall,bagaimana gambaran khas yang akan tampak pada pemeriksaan ultrasonografi (usg) ginjal?,
ginjal-2023,61,Histology,jenis sel apa yang menyusun stroma fibromuskular tersebut?,
ginjal-2023,62,Diagnostics,bakteri apa yang paling mungkin menjadi etiologi?,
ginjal-2023,63,Diagnostics,pemeriksaan penunjang pencitraan awal yang paling tepat untuk menilai traktus urinarius adalah?,
ginjal-2023,64,Physiology,hormon derivat androgen utama yang berperan langsung memicu hiperplasia sel tersebut adalah?,
ginjal-2023,65,Physiology,asam urat (uric acid) merupakan hasil akhir katabolisme dari?,
ginjal-2023,66,Diagnostics,diagnosis yang paling mungkin adalah?,
ginjal-2023,67,Pharmacology,tatalaksana medikamentosa lini pertama untuk kasus sindrom nefrotik anak ini adalah?,
ginjal-2023,68,Physiology,parameter laboratorium utama yang paling tepat digunakan untuk menilai fungsi filtrasi ginjal dan kerusakan struktur ginjal secara menyeluruh adalah?,
ginjal-2023,69,Physiology,jenis gangguan ginjal akut (aki) apa yang terjadi?,
ginjal-2023,70,Anatomy,apa nama muara anatomis dari saluran yang menerima aliran urin langsung dari calyx mayor?,
ginjal-2023,71,Physiology,apa penyebab utama anemia pada pasien ini?,
ginjal-2023,72,Diagnostics,mana interpretasi yang paling tepat mengenai fungsi ginjal pasien?,
ginjal-2023,73,Diagnostics,apa diagnosis pada pasien ini?,
ginjal-2023,74,Pharmacology,apa komplikasi jangka panjang yang paling berbahaya apabila undescended testis (kriptorkidismus) tidak mendapatkan penanganan?,
ginjal-2023,75,Diagnostics,apa diagnosis pada pasien ini?,
ginjal-2023,76,Histology,mana tekanan yang berlawanan dan melawan proses filtrasi cairan dari kapiler glomerulus ke kapsula bowman?,
ginjal-2023,77,Recall,bagaimanakah hukum khitan bagi laki-laki dan perempuan menurut pandangan mayoritas ulama fikih?,
ginjal-2023,78,Diagnostics,komplikasi akut berisiko tinggi yang dapat dialami testis abnormal tersebut adalah?,
ginjal-2023,79,Pharmacology,apa efek samping iritasi lokal yang sering dikeluhkan pasien?,
ginjal-2023,80,Diagnostics,apa diagnosis pasien tersebut?,
ginjal-2023,81,Pharmacology,mana yang merupakan kontraindikasi atau efek samping berbahaya dari penggunaan nitrofurantoin?,
ginjal-2023,82,Recall,"pada korpus renalis, tempat masuknya arteriol aferen dan keluarnya arteriol eferen disebut?",
ginjal-2023,83,Histology,"pada sediaan histologi ginjal, saluran yang memiliki lumen tidak teratur, dilapisi epitel kubis selapis dengan brush border tebal di apikal adalah?",
ginjal-2023,84,Diagnostics,pemeriksaan penunjang kuantitatif baku emas yang paling tepat dilakukan selanjutnya untuk menilai derajat kuantitas proteinuria adalah?,
ginjal-2023,85,Pharmacology,tatalaksana medikamentosa rawat jalan paling tepat adalah?,
ginjal-2023,86,Pharmacology,golongan obat mana yang digunakan dalam terapi ekspulsi medikamentosa (met) untuk mempercepat ekspulsi batu secara spontan?,
ginjal-2023,87,Physiology,apa penyebab paling mungkin dari fenomena tersebut?,
ginjal-2023,88,Diagnostics,kelainan apa yang mendasari perbedaan hasil tersebut?,
ginjal-2023,89,Diagnostics,diagnosis yang paling tepat adalah?,
ginjal-2023,90,Diagnostics,pemeriksaan laboratorium utama untuk menilai gangguan fungsi ginjal akut (aki) secara tepat adalah?,
ginjal-2023,91,Diagnostics,"untuk menilai dan menguantifikasi derajat kuantitas proteinuria kuantitatif tanpa penampungan urin 24 jam, tes apa yang dianjurkan?",
ginjal-2023,92,Pharmacology,mana pernyataan yang paling tepat mengenai mekanisme kerja kombinasi antibiotik trimethoprim-sulfamethoxazole (kotrimoksazol)?,
ginjal-2023,93,Recall,mana dari kondisi berikut yang menjadi indikasi mutlak (cito) dilakukannya tindakan dialisis pada pasien gagal ginjal?,
ginjal-2023,94,Pharmacology,bagaimanakah regimen tatalaksana inisial kortikosteroid standar pada anak yang terdiagnosis sindrom nefrotik serangan pertama?,
ginjal-2023,95,Diagnostics,"ituasi bencana atau keterbatasan fasilitas lapangan, pemeriksaan laboratorium sederhana terpenting untuk mengonfirmasi diagnosis gagal ginjal akut (aki) adalah?",
ginjal-2023,96,Physiology,bakteri batang gram negatif penyebab isk yang memroduksi enzim urease kuat untuk memecah urea menjadi amonia sehingga meningkatkan ph urin adalah?,
ginjal-2023,97,Pharmacology,kombinasi terapi farmakologis lini utama yang digunakan untuk mengatasi hipertensi berat disertai overload cairan pada anak dengan penyakit ginjal akut adalah?,
ginjal-2023,98,Physiology,"saat seseorang berolahraga berat dan mengalami dehidrasi ringan, mekanisme kompensasi ginjal yang bekerja untuk mempertahankan volume cairan tubuh adalah?",
ginjal-2023,99,Recall,kondisi patofisiologis mana yang menjelaskan kelainan tersebut?,
ginjal-2023,100,Diagnostics,diagnosis mana yang paling sesuai?,
kardio-2023,1,Recall,lapisan yg membesar pada pasien kardiomegali yang berada pada mediastinum media,
kardio-2023,2,Anatomy,apa nama pembuluh darah yang diperiksa tekanannya pada pemeriksaan tekanan vena di leher (jvp)?,
kardio-2023,3,Diagnostics,apa kemungkinan diagnosa pada penderita tersebut?,
kardio-2023,4,Pharmacology,apa saran yang dapat diberikan untuk menghindari interaksi kedua obat tersebut?,
kardio-2023,5,Recall,non lipid biomarker untuk iskemik heart disease adalah,
kardio-2023,6,Pharmacology,yang mana obat dyslipidemia menyebabkan efek samping tersebut?,
kardio-2023,7,Recall,mana percabangan dari aorta thoracalis?,
kardio-2023,8,Recall,dinding yang menjadi pembatas mediastinum media adalah?,
kardio-2023,9,Anatomy,apa nama saraf yang meningkatkan frekuensi denyut jantung?,
kardio-2023,10,Pharmacology,apa efek captopril pada hemodinamik jantung?,
kardio-2023,11,Recall,berikut ini yang benar mengenai atrium kiri adalah,
kardio-2023,12,Diagnostics,apa kemungkinan kelainan pada anak tersebut?,
kardio-2023,13,Diagnostics,apa diagnosis yang mungkin?,
kardio-2023,14,Anatomy,apa nama bagian dari pembuluh darah daerah leher yg menjadi baroreseptor?,
kardio-2023,15,Diagnostics,kasus anak dengan tensi 130/90 pemeriksaan apa yang perlu dilakukan?,
kardio-2023,16,Physiology,berapa nilai mean arterial pressure (map)-nya?,
kardio-2023,17,Pharmacology,"diet mediterania, disarankan memakan makanan tinggi kacang, rendah lemak dan mengonsumsi minyak...",
kardio-2023,18,Physiology,suhu dingin extreme akan berpengaruh apa pada sistem kardiovaskular?,
kardio-2023,19,Pharmacology,"seorang anak 5 tahun dengan bb 20kg, ditemukan adanya ruam dileher dan kemaluan, lidahnya kemerahan seperti strawberry, penanganan yang tepat?",
kardio-2023,20,Diagnostics,"rang anak 5 tahun dengan bb 20kg, ditemukan adanya ruam dileher dan kemaluan, lidahnya kemerahan seperti strawberry, komplikasi apa yang paling berisiko muncul?",
kardio-2023,21,Diagnostics,"untuk membedakan penyebab sesak jantung vs paru, pemeriksaan laboratorium non-lipid yang tepat adalah:",
kardio-2023,22,Diagnostics,kesan yang terlihat pada pasien?,
kardio-2023,23,Anatomy,apa nama sisi/tepi yang merupakan letak/tempat berjalannya arteri marginalis dextra pada permukaan jantung?,
kardio-2023,24,Recall,apa nama jaringan ikat yang dimaksud?,
kardio-2023,25,Recall,kadar lipoprotein a / lp (a) yang tinggi (>25 mg/dl) akan meningkatkan risiko penyakit jantung karena :,
kardio-2023,26,Pharmacology,pilihan obat golongan statin yang paling tepat adalah?,
kardio-2023,27,Diagnostics,mana kombinasi penyadapan ekg jika ingin melihat dinding lateral jantung?,
kardio-2023,28,Anatomy,berikut ini tipe pembuluh darah yang menentukan pertukaran nutrisi dan sel darah merah ke jaringan?,
kardio-2023,29,Recall,mana dari hal berikut ini dapat diduga akan menurunkan tekanan darah?,
kardio-2023,30,Physiology,awal patofisiologi aterosklerosis dimulai dari?,
kardio-2023,31,Pharmacology,konsumsi obat antiaritmia disangkal. obat apa untuk pasien?,
kardio-2023,32,Diagnostics,"ditemukan hasil foto thorax pinggang jantung menonjol, apex tertanam, aorta dilatasi, dan elongasi. diagnosis?",
kardio-2023,33,Recall,"berdasarkan nilai-nilai tersebut, berapakah nilai stroke volumenya?",
kardio-2023,34,Recall,pernyataan yang benar tentang anastomosis arteriovenosus adalah?,
kardio-2023,35,Anatomy,cabang dari truncus costocervicalis adalah?,
kardio-2023,36,Pharmacology,efek samping yang harus dicegah berdasarkan peningkatan toksisitas digoksin akibat furosemide?,
kardio-2023,37,Recall,in golf bersama temannya suatu saat pak budi cek kesehatan ke posyandu dan didapatkan td 150/90 dari skenario kegiatan pak budi termasuk ke dalam aktifitas apa?,
kardio-2023,38,Recall,"berdasarkan tabel estimasi risiko kardiovaskular non-laboratorium who/ish, termasuk tingkat risiko kardiovaskular apa pasien tersebut?",
kardio-2023,39,Pharmacology,apa saja obat first line menurut jnc-8 untuk hipertensi?,
kardio-2023,40,Diagnostics,apa kesan/ diagnosis dari foto thorax pasien tersebut?,
kardio-2023,41,Anatomy,"pada skenario oklusi vena cava superior, vena mana yang bermuara langsung ke vena yang mengalami kelainan/oklusi tersebut?",
kardio-2023,42,Physiology,apa patofisiologi utama dari fenomena raynaud (perubahan warna pucat dan kebiruan pada jari)?,
kardio-2023,43,Pharmacology,berdasarkan pandangan mazhab mana hukum tersebut?,
kardio-2023,44,Diagnostics,apa kemungkinan diagnosis kondisi ini?,
kardio-2023,45,Diagnostics,"sebagai dokter, pemeriksaan laboratorium spesifik apa yang perlu dilakukan?",
kardio-2023,46,Physiology,kelainan kongenital akibat kegagalan penutupan/penyambungan saluran pembuluh darah janin pasca lahir adalah?,
kardio-2023,47,Pharmacology,apa obat hipertensi/diuretik yang dapat menyebabkan gangguan hiperkalemia tersebut?,
kardio-2023,48,Diagnostics,bagaimanakah interpretasi tekanan darah pada pasien tersebut?,
kardio-2023,49,Diagnostics,bagaimana interpretasi dari kondisi pasien tersebut yang menjadi faktor risiko aterosklerosis?,
kardio-2023,50,Pharmacology,"pada pasien dengan riwayat penyakit jantung dan kolesterol disarankan untuk menghindari konsumsi diet lemak yang tidak baik, seperti:",
kardio-2023,51,Physiology,apa etiologi/pemicu vaskulitis yang paling sering dikaitkan pada kasus ini?,
kardio-2023,52,Pharmacology,obat antihipertensi pilihan utama apa yang sebaiknya diberikan pada pasien ini?,
kardio-2023,53,Diagnostics,komplikasi utama dari murmur pansistolik ics 3 linea sternalis sinistra (akibat ventricular septal defect / vsd) adalah?,
kardio-2023,54,Anatomy,perikardium fibrosum melekat rapat pada bagian bawah struktur anatomi apa?,
kardio-2023,55,Diagnostics,apa diagnosis kelainan pasien tersebut?,
kardio-2023,56,Pharmacology,apa hal yang wajib digali dalam anamnesis sebelum memberikan obat golongan nitrat?,
kardio-2023,57,Histology,gambaran histopatologi jantung penderita tersebut akan menunjukkan?,
kardio-2023,58,Diagnostics,diagnosis ekg tersebut adalah?,
kardio-2023,59,Recall,katup yang mencegah aliran darah balik dari ventrikel kiri ke atrium sinistrum adalah?,
kardio-2023,60,Diagnostics,biomarker spesifik terbaik untuk memprediksi partikel aterogenik dan risiko aterosklerosis adalah?,
kardio-2023,61,Physiology,kondisi apa yang terjadi jika sistem saraf simpatis lebih dominan terhadap regulasi jantung?,
kardio-2023,62,Pharmacology,pemeriksaan non-lipid inflamasi yang dianjurkan untuk stratifikasi risiko vaskular adalah:,
kardio-2023,63,Recall,berikut adalah kedudukan/fungsi qalbu pada diri manusia yang dideskripsikan oleh al-qur an?,
kardio-2023,64,Physiology,saluran tersebut setelah menutup/obliterasi dinamakan?,
kardio-2023,65,Recall,pelayanan wajib apa yang dimaksud?,
kardio-2023,66,Diagnostics,pemeriksaan apa yang dimaksud?,
kardio-2023,67,Pharmacology,bagaimanakah mekanisme kerja obat tersebut untuk menurunkan kadar ldl cholesterol?,
kardio-2023,68,Diagnostics,apa diagnosis yang paling mungkin pada pasien ini?,
kardio-2023,69,Diagnostics,pemeriksaan penunjang utama apa yang harus dilakukan untuk menilai komplikasi jantung?,
kardio-2023,70,Diagnostics,"berdasarkan kriteria jones, apa kriteria yang ditemukan pada pasien ini?",
kardio-2023,71,Diagnostics,apa derajat klasifikasi nyha dan aha stage pasien tersebut?,
kardio-2023,72,Diagnostics,apa komplikasi vaskular utama yang paling ditakutkan?,
kardio-2023,73,Pharmacology,obat dyslipidemia mana yang paling aman dan sesuai?,
kardio-2023,74,Pharmacology,bagaimanakah mekanisme kerja obat tersebut?,
kardio-2023,75,Physiology,berapakah nilai mean arterial pressure (map) pasien tersebut?,
kardio-2023,76,Recall,hal apa yang wajib ditanyakan sebelum pemberian vasodilator nitrat?,
kardio-2023,77,Diagnostics,pemeriksaan baku apa yang dilakukan untuk konfirmasi kausal mikrobiologi?,
kardio-2023,78,Diagnostics,kesan diagnosis foto thorax adalah?,
kardio-2023,79,Anatomy,pada tepi/sisi anatomi permukaan jantung mana pembuluh darah tersebut berjalan?,
kardio-2023,80,Pharmacology,tatalaksana farmakologis awal yang tepat untuk mengurangi hyperpnea dan relaksasi infundibulum adalah?,
kardio-2023,81,Diagnostics,kesan radiologi pasien ini adalah?,
kardio-2023,82,Pharmacology,saran penggunaan obat yang benar adalah?,
kardio-2023,83,Pharmacology,golongan antiaritmia yang paling aman diberikan adalah?,
kardio-2023,84,Diagnostics,"berdasarkan gambaran ekg dengan jarak antar kompleks qrs (r-r interval) sepanjang 4 kotak besar, berapakah frekuensi denyut jantung (heart rate) pasien?",
kardio-2023,85,Diagnostics,diagnosis yang tepat adalah?,
kardio-2023,86,Diagnostics,apa diagnosis penderita tersebut?,
kardio-2023,87,Recall,"berikut adalah kedudukan/fungsi qalbu pada diri manusia yang dideskripsikan dalam al-qur an, kecuali?",
kardio-2023,88,Anatomy,kelainan anatomis utama apa yang melatarbelakangi berkurangnya vaskularisasi paru ini?,
kardio-2023,89,Diagnostics,"berdasarkan kriteria jones, temuan pada pasien ini adalah?",
kardio-2023,90,Pharmacology,saran yang tepat untuk mencegah interaksi kedua obat adalah?,
kardio-2023,91,Pharmacology,mana golongan obat antihipertensi yang merupakan lini pertama menurut panduan jnc-8?,
kardio-2023,92,Physiology,kondisi gangguan elektrolit apa yang harus dicegah akibat furosemide karena meningkatkan toksisitas digoksin?,
kardio-2023,93,Diagnostics,first line drugs untuk hipertensi tanpa komplikasi menurut panduan jnc-8 adalah?,
kedkel-2018,1,Pharmacology,bila merujuk pada rum maka tidakan dokter dianggap tidak rasional karena ?,
kedkel-2018,2,Pharmacology,"apa nama sediaan obat cair yang mengandung air, minyak dan zat pengemulsi, sifatnya homogen dan digunakan untuk pemakaian dalam (ditelan)?",
kedkel-2018,3,Pharmacology,bagaimanakah strategi penatalaksanaan pasien dengan pendekatan dokter keluarga?,
kedkel-2018,4,Pharmacology,mana sediaan obat di bawah ini yang tidak perlu steril?,
kedkel-2018,5,Recall,berikut ini bukan merupakan argumentasi teoritik menyangkut perilaku manusia menurut madzhab klasik:,
kedkel-2018,6,Recall,"berikut ini, dari berbagai perspektif penjelasan perilaku manusia, maka perilaku dengan sengaja menularkan virus merupakan:",
kedkel-2018,7,Diagnostics,berikut yang bukan merupakan syarat sebuah tes skrining yang baik adalah ?,
kedkel-2018,8,Pharmacology,cara menyampaikan usulan obat agar bisa masuk ke doen,
kedkel-2018,9,Pharmacology,"daftar obat esensial sangat diperlukan untuk, kecuali:",
kedkel-2018,10,Pharmacology,"dalam memilih obat esensial, diperlukan pertimbangan sebagai berikut:",
kedkel-2018,11,Recall,"dalam surat al-baqarah ayat 256, dijelaskan bahwa telah jelas jalan yang benar daripada jalan yang salah, oleh karenanya maka:",
kedkel-2018,12,Recall,"an berkesinambungan (achir yani syuhaimi hamid dan kawan-kawan, 2018) dimulai dari fasilitas kesehatan/ ppk (pemberi pelayanan kesehatan) tingkat i berikut ini:",
kedkel-2018,13,Recall,"di saat pandemi covid 19, salah satu tugas yang dapat dikerjakan oleh dokter keluarga adalah pemeriksaan secara :",
kedkel-2018,14,Recall,"diantara faktor penyebab perilaku menyimpang ialah, kecuali:",
kedkel-2018,15,Recall,"dari 10 aspek penilaian phbs, kategori phbs keluarga tersebut termasuk baik jika:",
kedkel-2018,16,Recall,hal ini disebut pelayanan :,
kedkel-2018,17,Recall,dokter cesare lombroso (1835-1909) pelopor madzhab positivis menerangkan perilaku manusia berdasarkan dalil-dalil berikut ini:,
kedkel-2018,18,Recall,"dokter keluarga di indonesia sebagai salah satu fungsi pelayanan nya, diminta oleh bpjs, karena dokter keluarga dalam pelayanannya meliputi:",
kedkel-2018,19,Recall,gangguan mental dan neurologis yang paling banyak pada kelompok lansia adalah:,
kedkel-2018,20,Recall,home visit dan home care dilakukan diantaranya untuk:,
kedkel-2018,21,Recall,"investasi asuransi syariah yang diharamkan ialah, kecuali:",
kedkel-2018,22,Recall,"keadaan pada lansia yang sering mengeluhkan kesulitan buang air besar, termasuk kedalam syndrom geriatri:",
kedkel-2018,23,Recall,keadaan yang paling sering dikaitkan dengan kejadian demensia pada lansia adalah:,
kedkel-2018,24,Recall,kegiatan home visit yang dapat dilakukan diantaranya:,
kedkel-2018,25,Recall,kegiatan palliative care yang dapat dilakukan diantaranya:,
kedkel-2018,26,Diagnostics,kemampuan tes untuk menunjukan individu mana yang sakit dari seluruh populasi yang benar - benar sakit pada pemeriksaan uji diagnostik disebut sebagai ?,
kedkel-2018,27,Pharmacology,bentuk sediaan obat yang cocok adalah sediaan obat cair berupa sirup dengan diteteskan. apa alasannya?,
kedkel-2018,28,Recall,"komunikasi efektif merupakan bagian dari, hubungan dokter pasien, tahapan penting saat awal komunikasi efektif adalah:",
kedkel-2018,29,Pharmacology,mana yang sesuai dengan kaidah pengobatan rasional ?,
kedkel-2018,30,Recall,masalah apa yang harus digali dari aspek personal dalam diagosis holistik?,
kedkel-2018,31,Recall,dari kasus diatas apa yang paling mungkin terjadi pada pasien tersebut?,
kedkel-2018,32,Diagnostics,untuk menegakan diagnosa pertanyaan apa yang paling tidak perlu diberikan ?,
kedkel-2018,33,Pharmacology,proses mana dibawah ini yang akan dijalani pasien dalam konseling?,
kedkel-2018,34,Pharmacology,apa yang akan dijalani pasien dalam proses alternatif pemecahan masalah dalam konseling?,
kedkel-2018,35,Recall,mana dibawah ini yang bukan menjadi prinsip dalam definisi konseling menurut who?,
kedkel-2018,36,Recall,apa yang dirasakan oleh pasien?,
kedkel-2018,37,Recall,dimanakah posisi pasien dalam kuadran sakit dan penyakit?,
kedkel-2018,38,Pharmacology,apa yang mempengaruhi perilaku pencarian pengobatan pasien pada kasus diatas?,
kedkel-2018,39,Pharmacology,bagaimanakah rencana strategis penatalaksanaan pasien di atas ?,
kedkel-2018,40,Pharmacology,mana jawaban yang sesuai dengan pernyataan di atas?,
kedkel-2018,41,Pharmacology,"pada penyusunan daftar obat esensial nasional (doen), tim ahli bertugas:",
kedkel-2018,42,Recall,"para ulama mengharamkan asuransi konvensional karena mengandung unsur, kecuali :",
kedkel-2018,43,Pharmacology,kelebihan bentuk sediaan tersebut adalah:,
kedkel-2018,44,Recall,termasuk factor apa kondisi kamar pasien pada kasus di atas dalam tinjauan pengaruh lingkungan terhadap timbulnya sakit?,
kedkel-2018,45,Pharmacology,"pasien diberikan tablet sustained release teofilin, kelebihan tablet tersebut adalah:",
kedkel-2018,46,Recall,pada tahun 2004 disusun kurikulum berbasis kompetensi diseluruh wilayah indonesia dan semua fk menghasilkan lulusan dokter:,
kedkel-2018,47,Recall,peluang bekerja bagi dokter di perusahaan asuransi jiwa syariah ialah terutama di bidang:,
kedkel-2018,48,Pharmacology,penatalaksanaan pasien dengan pendekatan kedokteran keluarga berarti ?,
kedkel-2018,49,Recall,pengertian anomi ialah:,
kedkel-2018,50,Recall,prinsip akad asuransi syariah ialah:,
kedkel-2018,51,Recall,"puyer (pulveres) yang dibuat/disediaan untuk pasien harus halus dan homogen, pernyataan yang tidak benar dari pembuatan bentuk sediaan tersebut adalah :",
kedkel-2018,52,Recall,"resiko bagi orang yang berumur panjang ialah, kecuali:",
kedkel-2018,53,Pharmacology,hal apa yang dilihat untuk menilai keamanan tersebut?,
kedkel-2018,54,Recall,salah satu prinsip layanan dokter keluarga adalah mengidentifikasi dan menentukan masalah kesehatan pasien dari berbagai aspek. hal ini disebut dengan ?,
kedkel-2018,55,Recall,apa tujuan dibuat dalam bentuk dry syrup?,
kedkel-2018,56,Recall,"at rumahnya, setelah selesai pasien kecewa kepada dokternya, karena saat konsultasi ia bolak balik menerima telpon, kekecewaan pasien tersebut dapat dikatakan :",
kedkel-2018,57,Recall,mana yang merupakan risiko internal pada kasus tersebut?,
kedkel-2018,58,Diagnostics,"untuk memastikan apa penyakit ini merupakan penyakit keturunan atau bukan, maka dokter keluarga melakukan:",
kedkel-2018,59,Pharmacology,terapi di atas tidak rasional karena ?,
kedkel-2018,60,Pharmacology,terapi seperti ini dikategorikan sebagai terapi?,
kedkel-2018,61,Diagnostics,apa diagnosis pasien ini menurut diagnosis holistik?,
kedkel-2018,62,Diagnostics,"sebagai dokter keluarga, apa yang harus ditanyakan kepada pasien untuk mengetahui risiko internal?",
kedkel-2018,63,Recall,apa distorsi kognitif pada pasien ini?,
kedkel-2018,64,Recall,fase cbt apa yang sedang dijalani pasien ini?,
kedkel-2018,65,Pharmacology,fase cbt apa yang sedang dijalani pasien ini?,
kedkel-2018,66,Recall,reaksi tersebut merupakan tahapan mana dalam breaking bad news (kübler-ross)?,
kedkel-2018,67,Recall,"r diri sendiri sehingga bebas dari berbagai tekanan, baik berasal dalam diri maupun di luar diri, merupakan seorang lansia yang telah dapat memenuhi kebutuhan :",
kedkel-2018,68,Recall,"seorang mu min ketika berbuat dosa, maka kalbunya bagaikan diteteskan :",
kedkel-2018,69,Pharmacology,tujuan pemberian bentuk sediaan tersebut adalah :,
kedkel-2018,70,Recall,apa tipe keluarga pada kasus ini?,
kedkel-2018,71,Recall,apa solusi yang akan ditawarkan oleh terapis dalam kasus tersebut?,
kedkel-2018,72,Pharmacology,bentuk sediaan obat yang diberikan intravaginal adalah:,
kedkel-2018,73,Recall,mana alasan yang paling tepat untuk dokter melakukan hal tersebut?,
kedkel-2018,74,Recall,penggunaan masker sebagai apd pada pekerja pabrik sepatu berfungsi menekan faktor pajanan paparan bahaya apa?,
kedkel-2018,75,Diagnostics,"jika dokter perusahaan akan membuat laporan diagnosis okupasi, mana dibawah ini yang akan dicantumkan dalam tindakan preventif ?",
kedkel-2018,76,Diagnostics,"jika dokter perusahaan akan membuat laporan diagnosis okupasi, data apa yang dapat mendukung?",
kedkel-2018,77,Diagnostics,mana dibawah ini yang merupakan komponen urutan dari 7 langkah penegakan diagnosis penyakit akibat kerja (pak)?,
kedkel-2018,78,Pharmacology,mana pernyataan keberhasilan konseling yang paling tepat dibawah ini?,
kedkel-2018,79,Pharmacology,apa tujuan yang paling tepat untuk konseling lanjutan yang dilakukan oleh pasien psikostres tersebut?,
kedkel-2018,80,Recall,dalam menentang ajaran allah ialah berupa (qs nuh 71:7):,
kedkel-2018,81,Recall,sindrom geriatrik yang dialami seorang lansia dengan perasaan cemas terus-menerus akibat tidak mempunyai penghasilan disebut,
kedkel-2018,82,Diagnostics,"suatu uji diagnostik dinyatakan positif palsu (false positive), jika ?",
kedkel-2018,83,Pharmacology,suatu obat dapat diusulkan untuk dimasukkan sebagai obat esensial apabila:,
kedkel-2018,84,Pharmacology,tahap uji klinis yang dilakukan untuk melihat efektifitas suatu pengobatan pada kelompok manusia sakit adalah ?,
kedkel-2018,85,Recall,mana dari kondisi sanitasi berikut di bawah yang tidak memenuhi syarat kesehatan?,
kedkel-2018,86,Recall,mana pernyataan dibawah ini yang tidak benar mengenai prinsip ukk?,
kedkel-2018,87,Recall,mana yang menjadi persyaratan utama pembentukan pos ukk bagi kelompok pekerja informal/pabrik?,
kedkel-2018,88,Recall,tahapan pembentukan pos ukk yang sistematis adalah :,
kedkel-2018,89,Recall,mana pernyataan di bawah ini yang paling tepat dari kacamata sosiologi hukum?,
kedkel-2018,90,Recall,pada tingkatan adiksi mana pria tersebut saat ini?,
kedkel-2018,91,Recall,apa tindakan yang wajib dilakukan bagi pengguna zat napza/ekstasi tersebut?,
kedkel-2018,92,Recall,"dalam perencanaan intervensi edukasi minggu depan di klinik, siapakah yang menjadi sasaran kegiatan edukasi dokter keluarga?",
kedkel-2019,1,Recall,setiap gerakan tubuh yang diakibatkan kerja otot-otot rangka dan menghasilkan pengeluaran tenaga dan energi disebut...,
kedkel-2019,2,Pharmacology,mana pernyataan yang paling tepat di bawah ini?,
kedkel-2019,4,Pharmacology,bentuk sediaan obat yang diberikan intravaginal adalah...,
kedkel-2019,6,Recall,tahapan pembentukan pos ukk yang harus dilakukan adalah...,
kedkel-2019,7,Pharmacology,pengobatan perawatan paliatif dengan menggunakan obat analgesik opioid:,
kedkel-2019,8,Recall,mana yang merupakan risiko internal pada kasus tersebut?,
kedkel-2019,9,Pharmacology,apa kelebihan dari bentuk sediaan tablet tersebut?,
kedkel-2019,10,Pharmacology,penatalaksanaan pasien dengan pendekatan kedokteran keluarga berarti:,
kedkel-2019,22,Pharmacology,mana langkah konseling yang paling tepat untuk memutus penularan penyakit tersebut?,
kedkel-2019,33,Recall,"berdasarkan grafik forest plot meta-analisis, confidence interval (ci) dari masing-masing studi ditandai dengan bentuk:",
kedkel-2019,26,Pharmacology,mana yang sesuai dengan kaidah pengobatan rasional?,
kedkel-2019,28,Pharmacology,"dalam memilih obat esensial, diperlukan pertimbangan sebagai berikut:",
kedkel-2019,29,Pharmacology,tahap uji klinis yang dilakukan untuk melihat efektivitas dan membandingkan suatu pengobatan dengan terapi standar pada populasi pasien yang lebih luas adalah:,
kedkel-2019,32,Recall,pasal dalam uud 1945 yang secara eksplisit membahas tentang hak setiap warga negara untuk memperoleh pelayanan kesehatan adalah:,
kedkel-2019,34,Recall,perawatan kesehatan yang diselenggarakan di rumah (home care) akan:,
kedkel-2019,37,Recall,peluang bekerja bagi dokter di perusahaan asuransi jiwa syariah terutama berada di bidang:,
kedkel-2019,41,Recall,mana pernyataan di bawah ini yang tidak benar mengenai upaya kesehatan kerja?,
kedkel-2019,42,Recall,pernyataan yang benar terkait dengan metode pencatatan aktivitas fisik bouchard (bouchard physical activity record) adalah:,
kedkel-2019,43,Pharmacology,"dalam edukasi dokter keluarga, langkah pencegahan non-farmakologis apa yang paling disarankan?",
kedkel-2019,48,Recall,berikut ini yang bukan merupakan cakupan pelayanan atau fungsi utama dari pos upaya kesehatan kerja (pos ukk) adalah:,
kedkel-2019,50,Recall,pengukuran aktivitas fisik dengan menggunakan alat bantu seperti sensor gerak (accelerometer) dan pedometer termasuk ke dalam jenis pengukuran:,
kedkel-2019,53,Recall,"t ini, dari berbagai perspektif penjelasan perilaku manusia, maka tindakan seseorang yang dengan sengaja menularkan virus berbahaya kepada orang lain merupakan:",
kedkel-2019,55,Recall,alasan utama dokter perusahaan melakukan hal tersebut adalah bagian dari:,
kedkel-2019,56,Pharmacology,masa simpan maksimal penggunaan dry syrup setelah dicampurkan dengan pelarut (rekonstitusi) adalah:,
kedkel-2019,58,Recall,tujuan utama dari penyelenggaraan perawatan paliatif (palliative care) adalah:,
kedkel-2019,63,Recall,"berdasarkan peraturan perundang-undangan, kualifikasi pendidikan minimal untuk penanggung jawab teknis laboratorium klinik pratama adalah:",
kedkel-2019,64,Pharmacology,mana pernyataan yang paling tepat terkait informasi tersebut?,
kedkel-2019,65,Diagnostics,bagaimanakah rencana evaluasi klinis awal yang paling tepat?,
kedkel-2019,68,Pharmacology,"untuk meningkatkan akurasi dosis dan kemudahan pemberian pada bayi, bentuk sediaan dan alat takar yang paling tepat adalah:",
kedkel-2019,69,Recall,bentuk layanan lanjutan yang dilakukan dokter keluarga adalah:,
kedkel-2019,70,Recall,apa pekerja tersebut berhak mendapatkan jaminan/perlindungan penyakit akibat kerja (pak)?,
kedkel-2019,71,Diagnostics,"pada tahap mendiskusikan alternatif pemecahan masalah, hal yang dilakukan pasien dan konselor adalah:",
kedkel-2019,72,Diagnostics,kemampuan suatu uji diagnostik untuk mengidentifikasi secara tepat individu yang benar-benar menderita penyakit dari seluruh populasi yang sakit disebut:,
kedkel-2019,73,Diagnostics,di bawah ini yang merupakan contoh uji skrining yang paling tepat adalah:,
kedkel-2019,78,Pharmacology,tujuan utama pemberian bentuk sediaan sublingual tersebut adalah:,
kedkel-2019,79,Pharmacology,"dalam proses revisi dan penyusunan daftar obat esensial nasional (doen), tim ahli bertugas untuk:",
kedkel-2019,80,Recall,tindakan pasien sangat tepat karena pelayanan dokter keluarga mengutamakan:,
kedkel-2019,81,Recall,"untuk menggali faktor risiko internal pasien, apa pertanyaan yang paling tepat disampaikan oleh dokter keluarga?",
kedkel-2019,82,Pharmacology,"namun, mana bentuk sediaan obat di bawah ini yang mutlak harus dibuat dalam kondisi steril?",
kedkel-2019,84,Pharmacology,suatu obat dapat diusulkan untuk dimasukkan ke dalam daftar obat esensial apabila memenuhi kriteria utama berikut:,
kedkel-2019,86,Recall,"penerapan dan penyusunan daftar obat esensial nasional (doen) sangat diperlukan untuk tujuan-tujuan berikut, kecuali:",
kedkel-2019,92,Recall,pernyataan yang tidak benar mengenai sediaan puyer adalah:,
kedkel-2019,94,Recall,instrumen evaluasi keluarga apa yang harus dibuat oleh dokter keluarga untuk mengidentifikasi riwayat penyakit lintas generasi?,
kedkel-2019,100,Diagnostics,syarat utama dari suatu uji skrining (screening test) yang ideal dan baik pada populasi adalah:,
kedkel-2020,1,Recall,apa yang dilakukan dokter keluarga saat edukasi?,
kedkel-2020,2,Recall,yang bukan pajanan centered care pada life cycle yang berkesinambungan di kehidupan ibu hamil dan ibu menyusui adalah...,
kedkel-2020,3,Recall,disebut apa diagram tersebut?,
kedkel-2020,4,Recall,apa masalah yang terjadi?,
kedkel-2020,5,Recall,persepsi yang dialami pasien adalah...,
kedkel-2020,6,Diagnostics,kondisi apa yang dialami pasien tersebut?,
kedkel-2020,7,Recall,apa family assessment tools yang paling tepat digunakan untuk menggambarkan dinamika interaksi antar keluarga tn. b?,
kedkel-2020,8,Recall,penyakit tidak menular (ptm) secara epidemiologis paling banyak menimpa penduduk di daerah?,
kedkel-2020,9,Pharmacology,edukasi/saran apa yang harus diberikan sebagai dokter?,
kedkel-2020,10,Recall,tahap awal tata cara melakukan kunjungan atau perawatan pasien di rumah (home visit) adalah...,
kedkel-2020,11,Recall,diagram tersebut adalah...,
kedkel-2020,12,Recall,berikut ini yang bukan merupakan argumentasi teoritik menyangkut perilaku kejahatan/manusia menurut madzhab klasik adalah...,
kedkel-2020,13,Recall,mana di bawah ini yang merupakan salah satu faktor internal yang mempengaruhi keyakinan dan tindakan seseorang tentang kesehatan?,
kedkel-2020,14,Recall,aktivitas berupa kegiatan menyetrika dan naik kuda tergolong ke dalam kategori aktivitas fisik...,
kedkel-2020,15,Recall,apa syarat pendidikan minimal agar sesuai dengan peraturan perundang-undangan penanggung jawab teknis?,
kedkel-2020,16,Pharmacology,apa yang dokter sarankan setelah melakukan konseling?,
kedkel-2020,17,Recall,upaya edukasi dokter keluarga ditujukan pada masalah...,
kedkel-2020,18,Recall,peluang bekerja bagi dokter di perusahaan asuransi jiwa syariah terutama berada di bidang...,
kedkel-2020,19,Recall,metode asesmen gizi food record termasuk dalam jenis penelitian/metode...,
kedkel-2020,20,Pharmacology,tujuan pemberian bentuk sediaan sublingual tersebut adalah...,
kedkel-2020,21,Recall,pemeriksaan tersebut termasuk dalam ruang lingkup...,
kedkel-2020,22,Recall,mana di bawah ini pernyataan yang paling sesuai mengenai manfaat utama dari kunjungan dan perawatan di rumah (home care)?,
kedkel-2020,23,Pharmacology,bagaimana strategi penatalaksanaan pasien dengan pendekatan kedokteran keluarga?,
kedkel-2020,24,Recall,prinsip utama pengelolaan klinis pasien pada praktik dokter keluarga berorientasi pada...,
kedkel-2020,25,Pharmacology,langkah awal yang dilakukan dokter untuk menemukan akar masalah pasien adalah...,
kedkel-2020,26,Pharmacology,mana pernyataan di bawah ini yang paling sesuai dengan kaidah pengobatan rasional (penggunaan obat rasional / por)?,
kedkel-2020,27,Pharmacology,bentuk sediaan obat yang dirancang khusus untuk pemberian intravaginal tersebut adalah...,
kedkel-2020,28,Recall,"dalam penyelenggaraan pelayanan kesehatan oleh dokter keluarga pada sistem jkn, salah satu fungsi pelayanan primer utama dokter keluarga adalah...",
kedkel-2020,29,Pharmacology,mana di antara berikut yang tidak memenuhi kriteria masuk ke dalam fornas?,
kedkel-2020,30,Recall,"alur sistem pelayanan keperawatan berkesinambungan dimulai dari pemberi pelayanan kesehatan (ppk) tingkat i berikut ini, kecuali...",
kedkel-2020,31,Recall,yang tidak digunakan sebagai faktor koreksi kebutuhan energi adalah...,
kedkel-2020,32,Diagnostics,uji diagnostik dengan karakteristik apa yang ideal digunakan untuk tujuan skrining?,
kedkel-2020,33,Pharmacology,mana di bawah ini yang sesuai dengan prinsip utama kaidah penggunaan obat rasional?,
kedkel-2020,34,Recall,mana analisis pernyataan medis/perilaku yang paling tepat?,
kedkel-2020,35,Recall,"dalam menentukan akar masalah klinis psikososial pasien, dokter harus mampu melakukan tahap...",
kedkel-2020,36,Pharmacology,fase cbt apa yang sedang dijalani pasien ini?,
kedkel-2020,37,Recall,apa persyaratan utama pembentukan pos ukk tersebut?,
kedkel-2020,38,Diagnostics,kriteria utama dalam penegakan diagnosis penyakit akibat kerja (pak) berdasarkan 7 langkah diagnosis okupasi adalah...,
kedkel-2020,39,Recall,mana yang menjadi persyaratan pembentukan pos ukk tersebut?,
kedkel-2020,40,Pharmacology,bentuk sediaan obat tersebut adalah...,
kedkel-2020,41,Recall,"dalam penyelenggaraan program bpjs kesehatan, salah satu tugas dan kewajiban utama pelayanan tingkat pertama oleh dokter keluarga adalah...",
kedkel-2020,42,Recall,persyaratan pendidikan minimal penanggung jawab teknis laboratorium tersebut adalah...,
kedkel-2020,43,Recall,bagaimanakah urutan tahapan yang benar dalam proses pembentukan pos upaya kesehatan kerja (pos ukk)?,
kedkel-2020,44,Pharmacology,mana di bawah ini yang paling tepat menggambarkan asas penggunaan obat rasional (por)?,
kedkel-2020,45,Recall,"dokter keluarga di indonesia diminta oleh bpjs kesehatan untuk menjalankan fungsi utamanya dalam efisiensi pelayanan kesehatan, yaitu fungsi...",
kedkel-2020,46,Pharmacology,bentuk sediaan obat flagystatin intravaginal yang digunakan untuk pengobatan vaginitis adalah...,
kedkel-2020,47,Recall,fase cbt yang sedang berlangsung adalah...,
kedkel-2020,48,Recall,tujuan pemberian sediaan sublingual tersebut adalah...,
kedkel-2020,49,Recall,mana di bawah ini yang merupakan karakteristik utama filosofi perawatan paliatif?,
kedkel-2020,50,Recall,kematian dengan akhir kehidupan yang buruk tersebut dalam istilah syariat dinamakan...,
kedkel-2020,51,Pharmacology,tindakan ini termasuk bentuk pelayanan...,
kedkel-2020,52,Recall,berapakah perkiraan energi (mets / kalori) yang dikeluarkan saat seseorang melakukan aktivitas fisik bermain aktif bersama anak-anak?,
kedkel-2020,53,Recall,produk asuransi yang tepat adalah...,
kedkel-2020,54,Recall,metode asesmen konsumsi makanan estimated food record merupakan metode pemeriksaan makanan pada individu yang bersifat...,
kedkel-2020,55,Pharmacology,salah satu langkah persiapan administrasi operasional utama sebelum melakukan visitas atau kunjungan rumah (home visit) adalah...,
kedkel-2020,56,Recall,"untuk menarik kesimpulan mengenai akar masalah pasien, teknik pendekatan yang digunakan adalah...",
kedkel-2020,57,Pharmacology,langkah awal dokter dalam konseling diagnosis holistik adalah...,
kedkel-2020,58,Pharmacology,jenis advokasi apa ini?,
kedkel-2020,59,Pharmacology,langkah awal paling strategis yang dilakukan dokter adalah...,
kedkel-2020,60,Recall,"ang penyakit akibat kerja (pak), seorang pekerja yang terdiagnosa menderita pak berhak mendapatkan jaminan perlindungan/kompensasi sampai dengan jangka waktu...",
kedkel-2020,61,Pharmacology,mana tindakan di bawah ini yang tidak sesuai / dilarang demi keselamatan anak?,
kedkel-2020,62,Recall,mana pernyataan paling tepat mengenai manfaat utama pelaksanaan kunjungan dan perawatan medis di rumah (home care)?,
kedkel-2020,63,Recall,dr. cesare lombroso sebagai pelopor madzhab positivis kriminologi menerangkan bahwa perilaku kejahatan manusia dipengaruhi terutamanya oleh faktor...,
kedkel-2020,64,Recall,faktor risiko gaya hidup utama yang memicu kondisi kelumpuhan saraf/iskemia tersebut adalah...,
kedkel-2020,65,Recall,"berdasarkan peraturan jaminan ketenagakerjaan, hak jaminan perlindungan kesehatan akibat penyakit akibat kerja (pak) berlaku hingga...",
kedkel-2020,66,Recall,apa penjelasan status gizi yang tepat oleh dokter?,
kedkel-2020,67,Recall,urutan tahapan pembentukan upaya kesehatan kerja (ukk) di tingkat wilayah puskesmas adalah...,
kedkel-2020,68,Pharmacology,indikator klinis apa yang dinilai untuk mengukur keamanan tersebut?,
kedkel-2020,69,Recall,"dalam konsep continuum of care kesehatan ibu hamil dan menyusui, mana yang bukan merupakan komponen intervensi paparan rutin primer?",
kedkel-2020,70,Recall,upaya utama dokter keluarga dalam memberikan edukasi adalah...,
kedkel-2020,71,Recall,gambaran kondisi kendala geografis tersebut terjadi di daerah...,
kedkel-2020,72,Recall,produk asuransi syariah yang tepat untuk tujuan tersebut adalah...,
kedkel-2020,73,Recall,"7), bentuk penolakan dan perilaku pembangkangan umat nabi nuh a.s. saat didakwahi adalah...",
kedkel-2020,74,Diagnostics,"dalam diagnosis holistik, faktor pendukung penerimaan ini masuk ke dalam...",
kedkel-2020,75,Pharmacology,bagaimanakah filosofi utama penatalaksanaan pasien dengan pendekatan kedokteran keluarga?,
kedkel-2020,76,Recall,peluang karir spesifik bagi dokter di industri perusahaan asuransi jiwa syariah terutama berprofesi sebagai...,
kedkel-2020,77,Recall,yang merupakan fungsi utama kedokteran keluarga dalam kendali mutu dan biaya bpjs adalah...,
kedkel-2020,78,Pharmacology,tujuan utama dari penyusunan daftar obat esensial nasional (doen) di indonesia adalah...,
kedkel-2020,79,Pharmacology,siapakah yang berwenang mengeluarkan izin operasionalnya sesuai regulasi permenkes?,
kedkel-2020,80,Recall,kumpulan dana dari para peserta asuransi kesehatan syariah yang diniatkan untuk saling tolong-menolong apabila ada peserta yang terkena musibah disebut dana...,
kedkel-2020,81,Pharmacology,mana di antara pilihan berikut yang tidak termasuk kriteria seleksi obat fornas?,
kedkel-2020,82,Pharmacology,perspektif spiritual ibu ini mencerminkan...,
kedkel-2020,83,Pharmacology,keunggulan sediaan puyer dibanding sediaan tablet utuh pada anak adalah...,
kedkel-2020,84,Pharmacology,saran pencegahan medis utama yang diberikan dokter pasca konseling adalah...,
kedkel-2020,85,Recall,peluang karir spesifik bagi lulusan dokter di industri perasuransian jiwa syariah terutama menempati posisi...,
kedkel-2020,86,Pharmacology,tatalaksana klinis pasien dengan pendekatan kedokteran keluarga berprinsip pada...,
kedkel-2020,87,Recall,mana yang bukan merupakan faktor langsung penerimaan tingkat konsumsi keluarga?,
kedkel-2020,88,Pharmacology,penatalaksanaan pasien berlandaskan filosofi kedokteran keluarga berarti...,
kedkel-2020,89,Diagnostics,masalah kesehatan kompleks pada lansia/pra-lansia ini tergolong dalam...,
kedkel-2020,90,Diagnostics,"dalam asesmen diagnosis holistik, persepsi dan keyakinan pasien ini dikelompokkan ke dalam...",
kedkel-2020,91,Pharmacology,pertimbangan utama pemilihan bentuk sediaan tersebut adalah...,
kedkel-2020,92,Recall,sikap dokter tersebut bertujuan untuk...,
kedkel-2020,93,Recall,mana di bawah ini yang bukan merupakan asumsi atau argumentasi teoritik mengenai kejahatan menurut madzhab klasik?,
kedkel-2020,94,Pharmacology,mana sediaan obat di bawah ini yang wajib diproduksi dalam kondisi steril?,
kedkel-2020,95,Recall,"mayoritas ulama kontemporer dan lembaga fatwa memandang transaksi asuransi konvensional mengandung unsur yang diharamkan syariat, kecuali...",
kedkel-2020,96,Recall,family assessment tool apa yang paling tepat digunakan?,
kedkel-2020,97,Recall,mana di bawah ini yang merupakan indikasi utama dimulainya layanan perawatan paliatif pada pasien?,
kedkel-2020,98,Pharmacology,langkah awal yang paling krusial dilakukan dokter saat memulai konsultasi klinis adalah...,
kedkel-2020,99,Recall,metode pemeriksaan nutrisi individu estimated food record bersifat...,
kedkel-2020,100,Recall,bentuk sediaan farmasi di bawah ini yang dipersyaratkan harus dalam keadaan steril adalah...,
kedkel-2020,101,Recall,jumlah energi yang dikeluarkan saat seseorang melakukan aktivitas fisik bermain aktif bersama anak tergolong ke dalam intensitas...,
kedkel-2020,102,Pharmacology,mana di bawah ini yang merupakan salah satu prinsip utama kaidah pengobatan rasional (por)?,
kedkel-2020,103,Recall,"tingkat konsumsi pangan masyarakat atau keluarga dipengaruhi oleh berbagai faktor berikut, kecuali...",
kedkel-2020,104,Recall,dr. cesare lombroso menerangkan teori sebab kejahatan manusia berbasis madzhab positivis berdasarkan pada...,
kedkel-2020,105,Diagnostics,jenis uji diagnostik yang harus dipilih dokter untuk skrining massal tersebut adalah...,
kedkel-2020,106,Recall,faktor bahaya penyakit akibat kerja (pak) yang mempengaruhi pasien tersebut adalah...,
kedkel-2020,107,Recall,apa manfaat utama dari pelaksanaan kunjungan dan perawatan medis di rumah (home visit / home care)?,
kedkel-2020,108,Recall,peluang kerja spesifik bagi seorang dokter di perusahaan asuransi jiwa syariah adalah sebagai...,
kedkel-2020,109,Recall,"dalam sistem pelayanan kesehatan bpjs, peran dan tugas utama dokter keluarga di fktp adalah...",
kedkel-2020,110,Recall,instrumen asesmen keluarga yang digunakan untuk mengetahui fungsi hubungan komunikasi dan dinamika interaksi antaranggota keluarga adalah...,
kedkel-2020,111,Recall,metode asesmen gizi estimated food record dalam penelitian termasuk kategori jenis data...,
kedkel-2020,112,Recall,persepsi positif yang dialami pasien ini dipengaruhi oleh...,
kedkel-2020,113,Recall,"pada tahap awal evaluasi psikopatologi dan respons maladaptif, fase cbt apa yang dijalankan?",
kedkel-2020,114,Recall,produk asuransi syariah yang tepat untuk keperluan tersebut adalah...,
kedkel-2020,115,Recall,pemeriksaan tersebut termasuk dalam jenis...,
kedkel-2020,116,Recall,faktor risiko utama yang memicu keluhan kelumpuhan fasialis akut ini adalah...,
kedkel-2020,117,Pharmacology,hal apa yang dilihat untuk menilai tingkat keamanan tersebut?,
kedkel-2020,118,Pharmacology,bentuk sediaan obat yang dirancang khusus untuk pemberian intravaginal tersebut adalah...,
kedkel-2020,119,Recall,pernyataan yang tidak benar mengenai karakteristik sediaan puyer adalah...,
kedkel-2020,120,Pharmacology,saran proteksi medis utama setelah konseling adalah...,
kedkel-2020,121,Pharmacology,langkah awal yang paling tepat dilakukan dokter dalam melakukan kegiatan advokasi penanganan masalah tersebut adalah...,
kedkel-2020,122,Pharmacology,apa bentuk sediaan obat khusus yang diberikan secara intravaginal?,
kedkel-2020,123,Diagnostics,"dalam analisis diagnosis holistik kedokteran keluarga, kebiasaan dan pola gizi keluarga pasien dimasukkan ke dalam kategori...",
kedkel-2021,1,Pharmacology,apa yang sebaiknya dilakukan oleh dokter tersebut?,
kedkel-2021,2,Pharmacology,apa yang sebaiknya dilakukan oleh dokter tersebut?,
kedkel-2021,3,Pharmacology,apa yang sebaiknya dilakukan oleh dokter tersebut?,
kedkel-2021,4,Pharmacology,mana jawaban yang sesuai dengan gambar di atas?,
kedkel-2021,5,Pharmacology,"dalam edukasi minggu depan, apa yang disarankan oleh dokter terkait kondisi pasien?",
kedkel-2021,6,Pharmacology,"dalam memilih obat esensial, diperlukan pertimbangan sebagai berikut:",
kedkel-2021,7,Pharmacology,"bila merujuk pada rum (rational use of medicine), tindakan dokter dianggap tidak rasional karena?",
kedkel-2021,8,Pharmacology,kasus ini termasuk insiden keselamatan pasien kategori?,
kedkel-2021,9,Recall,apa kegiatan yang dilakukan dalam laboratorium yang mempunyai fungsi mengurangi kesalahan pada tahap analitik?,
kedkel-2021,10,Pharmacology,"apa nama sediaan obat cair yang mengandung air, bahan padat dan zat pensuspensi, sifatnya homogen dan digunakan untuk pemakaian dalam?",
kedkel-2021,11,Pharmacology,bagaimanakah strategi penatalaksanaan pasien dengan pendekatan dokter keluarga?,
kedkel-2021,12,Recall,bagaimanakah tahapan yang dilakukan dalam pembentukan ukk (upaya kesehatan kerja)?,
kedkel-2021,13,Diagnostics,berikut yang bukan merupakan syarat sebuah tes skrining yang baik adalah?,
kedkel-2021,14,Recall,cara mengidentifikasi faktor risiko kesehatan pekerja di perusahaan diantaranya:,
kedkel-2021,15,Pharmacology,"daftar obat esensial sangat diperlukan untuk, kecuali:",
kedkel-2021,16,Pharmacology,"dalam memilih obat esensial, diperlukan pertimbangan sebagai berikut:",
kedkel-2021,17,Recall,"di saat pandemi covid-19, salah satu tugas yang dapat dikerjakan oleh dokter keluarga adalah pemeriksaan secara:",
kedkel-2021,18,Recall,dibawah ini mana yang bukan termasuk metode pengukuran aktivitas fisik secara objektif?,
kedkel-2021,19,Recall,dibawah ini yang bukan merupakan ketentuan pengisian metode bouchard adalah?,
kedkel-2021,20,Diagnostics,dibawah ini yang tidak termasuk contoh uji skrining adalah?,
kedkel-2021,21,Recall,hal ini disebut pelayanan:,
kedkel-2021,22,Recall,"dokter keluarga di indonesia sebagai salah satu fungsi pelayanannya diminta oleh bpjs, hal ini karena dokter keluarga dalam pelayanannya meliputi:",
kedkel-2021,23,Recall," sosialisasi mencuci tangan, menjaga kebersihan dan social distancing terkait penyebaran covid-19, hal yang dilakukan dokter tersebut merupakan salah satu dari:",
kedkel-2021,24,Recall,"gangguan kesehatan yang disebabkan dan keparahannya tergantung dari pajanan lingkungan atau berbagai faktor di tempat kerja, diantaranya:",
kedkel-2021,25,Recall,istilah ta min yang digunakan untuk maksud pengertian asuransi syariah diambil dari ayat al-qur an pada surat:,
kedkel-2021,26,Diagnostics,kemampuan tes untuk menunjukkan individu mana yang sakit dari seluruh populasi yang benar-benar sakit pada pemeriksaan uji diagnostik disebut sebagai?,
kedkel-2021,27,Recall,apa pemeriksaan yang diinginkan oleh dokter perusahaan tersebut?,
kedkel-2021,28,Recall,"komunikasi efektif merupakan bagian dari hubungan dokter dan pasien, tahapan dibawah ini sangat penting dilakukan pada awal komunikasi efektif:",
kedkel-2021,29,Diagnostics,laporan diagnosis okupasi diantaranya akan mencantumkan tindakan preventif yang dilakukan yaitu:,
kedkel-2021,30,Pharmacology,mana yang sesuai dengan kaidah pengobatan rasional?,
kedkel-2021,31,Recall,manfaat asuransi diantaranya:,
kedkel-2021,32,Diagnostics,masalah apa yang harus digali dari aspek personal dalam diagnosis holistik?,
kedkel-2021,33,Recall," asuransi sudah dikenal sejak pra dan awal keislaman, yaitu praktik yang dijalankan kaum quraysh dalam mengamankan jalur perdagangannya. hal ini dikenal dengan:",
kedkel-2021,34,Anatomy,n dilihat dari kondisi kerusakan anatomis organ tersebut?,
kedkel-2021,35,Diagnostics,n dalam kuadran sakit dan penyakit?,
kedkel-2021,36,Pharmacology,apa yang mempengaruhi perilaku pencarian pengobatan ny. n pada kasus diatas?,
kedkel-2021,37,Pharmacology,bagaimanakah rencana strategis penatalaksanaan pasien di atas?,
kedkel-2021,38,Diagnostics,"pada tujuh langkah diagnosis penyakit akibat kerja (pak), faktor pajanan yang dialami yang dievaluasi mencakup:",
kedkel-2021,39,Recall,siapakah yang memberikan perizinan tersebut menurut peraturan?,
kedkel-2021,40,Pharmacology,kelebihan bentuk sediaan tersebut adalah:,
kedkel-2021,41,Recall,termasuk faktor apa kondisi kamar pasien pada kasus di atas dalam tinjauan pengaruh lingkungan terhadap timbulnya sakit?,
kedkel-2021,42,Pharmacology,"pasien diberikan tablet sustained release teofilin, kelebihan tablet tersebut adalah:",
kedkel-2021,43,Pharmacology,olahraga/aktivitas fisik apa yang akan direkomendasikan pada pasien ini?,
kedkel-2021,44,Recall,pada tahun 2004 disusun kurikulum berbasis kompetensi di seluruh wilayah indonesia dan semua fk menghasilkan lulusan dokter:,
kedkel-2021,45,Pharmacology,penatalaksanaan pasien dengan pendekatan kedokteran keluarga berarti?,
kedkel-2021,46,Recall,"berdasarkan gambar forest plot meta-analisis, mana studi yang mempunyai nilai p < 0.05 (bermakna secara statistik)?",
kedkel-2021,47,Recall,"peneliti membutuhkan nilai gabungan (pooled effect size) odds ratio dari studi a sampai f yang dilakukan, nilai gabungan tersebut ditunjukkan dengan gambar?",
kedkel-2021,48,Recall,"peneliti membutuhkan nilai odds ratio dari masing-masing studi individu yang dilakukan, nilai odds ratio individu ditunjukkan dengan gambar?",
kedkel-2021,49,Recall,mana dari pernyataan berikut yang benar?,
kedkel-2021,50,Recall,prinsip bagi hasil atas investasi pada akad asuransi syariah adalah akad:,
kedkel-2021,51,Recall,"prinsip pencegahan 5 level of prevention dapat diterapkan pada pencegahan pak, contoh pencegahan tingkat awal/promosi kesehatan diantaranya:",
kedkel-2021,52,Recall,program jaminan sosial wajib dari pemerintah (bpjs ketenagakerjaan) untuk seorang pekerja meliputi:,
kedkel-2021,53,Recall,pernyataan yang tidak benar dari pembuatan bentuk sediaan tersebut adalah:,
kedkel-2021,54,Pharmacology,hal apa yang dilihat untuk menilai kecocokan pasien?,
kedkel-2021,55,Recall,"ga adalah mengidentifikasi dan menentukan masalah kesehatan pasien dari aspek fisik, psikis, spiritual, sosial, kultural dan lingkungan. hal ini disebut dengan?",
kedkel-2021,56,Recall,mana yang menjadi persyaratan pembentukan pos ukk?,
kedkel-2021,57,Pharmacology,mana pernyataan yang sesuai?,
kedkel-2021,58,Pharmacology,"berdasarkan data penelitian antibiotik a vs kontrol (eer = 0,8 dan cer = 0,6), mana pernyataan di bawah ini yang sesuai?",
kedkel-2021,59,Pharmacology,mana pernyataan berikut yang sesuai?,
kedkel-2021,60,Pharmacology,mana pernyataan yang benar?,
kedkel-2021,61,Diagnostics,mana pernyataan yang benar?,
kedkel-2021,62,Diagnostics,berapakah nilai likelihood ratio positive (lr+)?,
kedkel-2021,63,Diagnostics,"berdasarkan data tersebut, mana pernyataan di bawah ini yang benar?",
kedkel-2021,64,Diagnostics,"hasil menunjukkan dari 100 subjek yang positif pcr (gold standard), 75 diantaranya menunjukkan ns1 positif. parameter apa ini?",
kedkel-2021,65,Diagnostics,"hasil penelitian menunjukkan dari 100 subjek yang positif ns1 (hasil tes), 75 diantaranya terbukti pcr positif (gold standard). parameter apa ini?",
kedkel-2021,66,Recall,apa tujuan dibuat dalam bentuk dry syrup?,
kedkel-2021,67,Recall,mana yang merupakan risiko internal pada kasus tersebut?,
kedkel-2021,68,Pharmacology,bentuk sediaan obat yang cocok adalah sediaan obat cair berupa sirup tetes (drops). apa alasannya?,
kedkel-2021,69,Diagnostics,"untuk memastikan apa penyakit juga diderita oleh anggotanya yang tinggal serumah, maka sebaiknya dokter keluarga melakukan apa?",
kedkel-2021,70,Pharmacology,pemberian cefadroxil dianggap tidak rasional karena?,
kedkel-2021,71,Pharmacology,terapi seperti ini dikategorikan sebagai terapi?,
kedkel-2021,72,Diagnostics,apa diagnosis pasien ini sesuai pendekatan diagnosis holistik?,
kedkel-2021,73,Recall,aspek personal apa yang merugikan pasien pada kasus ini?,
kedkel-2021,74,Diagnostics,apa yang harus ditanyakan kepada pasien?,
kedkel-2021,75,Diagnostics,"dalam kasus di atas, hal apa yang tidak perlu dijelaskan kepada keluarga/pasien?",
kedkel-2021,76,Recall,apa distorsi kognitif pada kasus ini menurut beck?,
kedkel-2021,77,Recall,"dalam konsep cbt menurut ellis (rebt), apa yang dilakukan pada distorsi kognitif personalization pasien di atas?",
kedkel-2021,78,Recall,apa distorsi kognitif pasien ini?,
kedkel-2021,79,Diagnostics,mana alat diagnostik yang paling sesuai?,
kedkel-2021,80,Diagnostics,hal tersebut merupakan fase respons berduka kübler-ross tingkat:,
kedkel-2021,81,Recall,"seorang pasien datang ke klinik dokter keluarga, dokter tersenyum, memberi salam dan bertanya bagaimana kabar. hal ini bertujuan untuk:",
kedkel-2021,82,Recall,tujuan utama pemberian bentuk sediaan sublingual tersebut adalah:,
kedkel-2021,83,Recall,"menurut konsep mandala of health, faktor penyebab keputusan/perilaku ini termasuk aspek?",
kedkel-2021,84,Recall,a untuk isolasi mandiri di rumah sesuai dengan pilihannya?,
kedkel-2021,85,Recall,jenis jaminan asuransi yang mengover biaya perawatan tersebut adalah:,
kedkel-2021,86,Recall,apa tipe struktur keluarga pada kasus ini?,
kedkel-2021,87,Pharmacology,insiden keselamatan pasien ini termasuk kategori?,
kedkel-2021,88,Pharmacology,insiden keselamatan pasien ini termasuk kategori?,
kedkel-2021,89,Recall,tipe struktur keluarga pada kasus ini adalah:,
kedkel-2021,90,Recall,"rkan kasus remaja 15 tahun yang mengalami parentifikasi (mengurus adik dan rumah tangga), apa solusi yang akan ditawarkan oleh terapis kepada keluarga tersebut?",
kedkel-2021,91,Pharmacology,bentuk sediaan obat tersebut adalah:,
kedkel-2021,92,Pharmacology,apa yang sebaiknya dilakukan dokter tersebut?,
kedkel-2021,93,Diagnostics,"suatu hasil tes diagnostik dinyatakan positif palsu (false positive), jika?",
kedkel-2021,94,Pharmacology,suatu obat dapat diusulkan untuk dimasukkan ke dalam daftar obat esensial apabila:,
kedkel-2021,95,Pharmacology,tahap uji klinis yang dilakukan untuk menilai efektivitas dan keamanan suatu pengobatan pada kelompok pasien skala besar dibandingkan standar terapi adalah?,
kedkel-2021,96,Recall,mana dari kondisi sanitasi di rumah pasien berikut di bawah yang tidak memenuhi syarat kesehatan?,
kedkel-2021,97,Recall,"dalam perencanaan edukasi kesehatan minggu depan, siapakah yang menjadi sasaran kegiatan ini?",
kedkel-2021,98,Diagnostics,mana yang merupakan urutan 7 langkah penegakan diagnosis penyakit akibat kerja (pak) yang benar?,
kedkel-2021,99,Recall,"untuk mengetahui besarnya pajanan yang dialami pekerja (langkah 4 pak), maka data obyektif/anamnesis lengkap yang diperlukan diantaranya:",
kedkel-2021,100,Recall,mana pernyataan dibawah ini yang tidak benar mengenai upaya kesehatan kerja?,
kedkel-2022,1,Diagnostics,reaksi tersebut merupakan jawaban tentang breaking bad news (bbn):,
kedkel-2022,2,Recall,mana alasan yang paling tepat untuk dokter melakukan hal tersebut?,
kedkel-2022,3,Recall,mana pernyataan dibawah ini yang tidak benar untuk upaya kesehatan kerja?,
kedkel-2022,4,Pharmacology,bagaimanakah rencana strategis penatalaksanaan pasien di atas?,
kedkel-2022,5,Recall,pengertian anomi ialah:,
kedkel-2022,6,Pharmacology,"daftar obat esensial sangat diperlukan untuk, kecuali:",
kedkel-2022,7,Pharmacology,bentuk sediaan obat yang cocok adalah sediaan obat cair berupa sirup dengan diteteskan. apa alasannya?,
kedkel-2022,8,Recall,"resiko bagi orang yang berumur panjang ialah, kecuali:",
kedkel-2022,9,Recall,"setiap gerakan tubuh yang dihasilkan oleh otot rangka yang meningkatkan pengeluaran energi, merupakan definisi aktifitas fisik menurut:",
kedkel-2022,10,Pharmacology,faktor pajanan/paparan apa yang bisa di tekan dengan penggunaan masker sebagai apd dalam bekerja pada perusahaan tersebut?,
kedkel-2022,11,Recall,apa kegiatan yang dilakukan dalam laboratorium yang mempunyai fungsi mengurangi kesalahan pada tahap analitik?,
kedkel-2022,12,Recall,mana kalimat dibawah yang paling tepat ?,
kedkel-2022,13,Recall,masalah apa yang harus digali dari aspek personal dalam diagosis holistik?,
kedkel-2022,14,Pharmacology,hal apa yang dilihat untuk menilai keamanan tersebut?,
kedkel-2022,15,Diagnostics,apa yang harus ditanyakan kepada pasien untuk mengetahui hal tersebut?,
kedkel-2022,16,Recall,apa tujuan dari pelayanan laboratorium pada klinik dokter keluarga?,
kedkel-2022,17,Pharmacology,cara menyampaikan usulan obat agar bisa masuk ke doen:,
kedkel-2022,18,Pharmacology,suatu obat dapat diusulkan untuk dimasukkan sebagai obat esensial apabila:,
kedkel-2022,19,Recall,"dari 10 aspek penilaian phbs, kategori phbs keluarga tersebut termasuk baik jika:",
kedkel-2022,20,Recall,mana yang menjadi persyaratan pembentukan pos ukk untuk perusahaan tn ali adalah?,
kedkel-2022,21,Diagnostics,masalah kebiasaan seorang istri dalam memilih menu makanan sehari-hari pasien hipertensi termasuk aspek apa dalam diagnosis holistic?,
kedkel-2022,22,Recall,berapa lama sediaan sirup kering yang sudah ditambahkan cairan masih boleh digunakan?,
kedkel-2022,23,Recall,"peneliti dapat mengambil kesimpulan berdasarkan gambar, studi yang mempunyai nilai p < 0.05 adalah:",
kedkel-2022,24,Recall,"kasus di atas, hal yang tidak perlu dijelaskan kepada keluarga dan atau pasien:",
kedkel-2022,25,Pharmacology,"pada penyusunan daftar obat esensial nasional (doen), tim ahli bertugas:",
kedkel-2022,26,Recall,"menurut mandala of health, faktor penyebab termasuk aspek?",
kedkel-2022,27,Pharmacology,kelebihan bentuk sediaan tersebut adalah:,
kedkel-2022,28,Recall,salah satu prinsip layanan dokter keluarga adalah mengidentifikasi masalah kesehatan pasien dari berbagai aspek. hal ini disebut dengan?,
kedkel-2022,29,Recall,berikut adalah manfaat dari asuransi yang dimilikinya:,
kedkel-2022,30,Pharmacology,terapi seperti ini dikategorikan sebagai terapi?,
kedkel-2022,31,Recall,"diantara faktor penyebab perilaku menyimpang ialah, kecuali:",
kedkel-2022,32,Diagnostics,"jika dokter perusahaan akan membuat laporan diagnosis okupasi, data apa yang dapat mendukung?",
kedkel-2022,33,Pharmacology,siapakah yang menjadi sasaran kegiatan ini?,
kedkel-2022,34,Diagnostics,kemampuan tes untuk menunjukan individu mana yang sakit dari seluruh populasi yang benar-benar sakit pada pemeriksaan uji diagnostik disebut sebagai ?,
kedkel-2022,35,Recall,"keluarga dalam pelayanan home care pasien pasca bedah membuat tim yang terdiri dari dokter spesialis bedah, penyakit dalam, gizi, hubungan para dokter, disebut:",
kedkel-2022,36,Pharmacology,tahap uji klinis yang dilakukan untuk melihat efektifitas suatu pengobatan adalah?,
kedkel-2022,37,Pharmacology,apa yang sebaiknya dilakukan oleh dokter tersebut:,
kedkel-2022,38,Recall,"klinik dokter keluarga dikenal dengan sadar biaya dan sadar mutu, merupakan salah satu dari 9 prinsip layanan dokter keluarga:",
kedkel-2022,39,Diagnostics,berikut yang bukan merupakan syarat sebuah tes skrining yang baik adalah?,
kedkel-2022,40,Pharmacology,"if berupa zat padat tidak larut dalam air, mengandung zat pensuspensi, sifatnya homogen dan digunakan untuk pemakaian dalam (ditelan) atau untuk pemakaian luar?",
kedkel-2022,41,Pharmacology,apa yang sebaiknya dilakukan oleh dokter tersebut?,
kedkel-2022,42,Pharmacology,terapi di atas tidak rasional karena ?,
kedkel-2022,43,Pharmacology,mana pernyataan yang paling tepat dibawah ini?,
kedkel-2022,44,Recall,apa syarat pendidikan minimal yang dibutuhkan agar syarat izin sesuai dengan peraturan?,
kedkel-2022,45,Recall,peluang bekerja bagi dokter di perusahaan asuransi jiwa syariah ialah terutama di bidang:,
kedkel-2022,46,Recall,andemi covid 19 tetap menggunakan sistem rujukan alur sistem pelayanan keperawatan berkesinambungan dimulai dari fasilitas kesehatan/ ppk tingkat i berikut ini:,
kedkel-2022,47,Pharmacology,berikut adalah jenis-jenis jaminan yang diberikan jamsostek sesuai dengan badan pelayanan no 3 tahun 1992:,
kedkel-2022,48,Recall,apa prinsip yang diterapkan dokter ketika merujuk ke rumah sakit?,
kedkel-2022,49,Recall,siapakah yang memberikan perizinan tersebut menurut peraturan?,
kedkel-2022,50,Pharmacology,bagaimanakah strategi penatalaksanaan pasien dengan pendekatan dokter keluarga?,
kedkel-2022,51,Recall,"investasi asuransi syariah yang diharamkan ialah, kecuali:",
kedkel-2022,52,Recall,berikut adalah beberapa program asuransi yang dikeluarkan oleh pemerintah:,
kedkel-2022,53,Recall,"peneliti membutuhkan nilai odds rasio dari masing-masing studi yang dilakukan, nilai odds ratio ditunjukkan dengan gambar:",
kedkel-2022,54,Recall,apa pemeriksaan yang diinginkan oleh dokter perusahan tersebut:,
kedkel-2022,55,Pharmacology,apa yang sebaiknya dilakukan oleh dokter tersebut:,
kedkel-2022,56,Pharmacology,bentuk sediaan obat yang diberikan intra vaginal:,
kedkel-2022,57,Recall,prinsip akad asuransi syariah ialah:,
kedkel-2022,58,Pharmacology,seorang atlit angkat besi sebaiknya dianjurkan untuk melakukan olahraga yang efektif untuk memperkuat otot bahu seperti:,
kedkel-2022,59,Pharmacology,dalam edukasi apa yang disarankan oleh dokter terkait dengan kondisi pasien?,
kedkel-2022,60,Recall,apa yang harus dilakukan tn b?,
kedkel-2022,61,Recall,a untuk isolasi mandiri di rumah?,
kedkel-2022,62,Recall,termasuk factor apa kondisi kamar pasien pada kasus di atas dalam tinjauan pengaruh lingkungan terhadap timbulnya sakit?,
kedkel-2022,63,Pharmacology,apa tujuan yang paling tepat untuk konseling yang dilakukan nn rina?,
kedkel-2022,64,Recall,"berikut ini, dari berbagai perspektif penjelasan perilaku manusia, maka perilaku dengan sengaja menularkan virus merupakan:",
kedkel-2022,65,Pharmacology,bila merujuk pada rum maka tidakan dokter dianggap tidak rasional karena?,
kedkel-2022,66,Recall,"keluhan diare dan sudah dehidrasi, yang dilakukan oleh dokter keluarga adalah :",
kedkel-2022,67,Recall,"puyer (pulveres) yang dibuat/disediaan untuk pasien harus halus dan homogen, pernyataan yang tidak benar dari pembuatan bentuk sediaan tersebut adalah:",
kedkel-2022,68,Pharmacology,mana jawaban yang sesuai?,
kedkel-2022,69,Recall,mana dibawah ini yang bukan menjadi prinsip dalam definisi konseling menurut who?,
kedkel-2022,70,Pharmacology,apa yang akan dijalani nn rina dalam proses alternatif pemecahan masalah dalam konseling?,
kedkel-2022,71,Pharmacology,mana sediaan obat di bawah ini yang perlu steril?,
kedkel-2022,72,Pharmacology,"dalam memilih obat esensial, diperlukan pertimbangan sebagai berikut:",
kedkel-2022,73,Recall,komunikasi semacam ini merupakan tahapan:,
kedkel-2022,74,Recall,kekecewaan pasien tersebut dapat dikatakan:,
kedkel-2022,75,Pharmacology,tujuan pemberian bentuk sediaan tersebut adalah:,
kedkel-2022,76,Diagnostics,"suatu diagnostik dinyatakan positif palsu, jika?",
kedkel-2022,77,Pharmacology,proses mana dibawah ini yang akan dijalani nn rina dalam konseling?,
kedkel-2022,78,Diagnostics,"jika dokter perusahaan akan membuat laporan diagnosis okupasi, mana dibawah ini yang akan dicantumkan dalam tindakan preventif?",
kedkel-2022,79,Diagnostics,mana dari kondisi sanitasi di rumah pasien ibu m berikut di bawah yang tidak memenuhi syarat:,
kedkel-2022,80,Pharmacology,berikut adalah jenis olahraga yang dianjurkan untuk memperbaiki keseimbangan pada kelompok umur diatas 65 tahun:,
kedkel-2022,81,Pharmacology,mana yang sesuai dengan kaidah pengobatan rasional?,
kedkel-2022,82,Recall,"peneliti membutuhkan nilai gabungan odds rasio dari studi a sampai f yang dilakukan, nilai odds ratio ditunjukkan dengan gambar:",
kedkel-2022,83,Recall,pada tingkatan apa tn b saat ini ?,
kedkel-2022,84,Diagnostics,untuk menegakan diagnosa pertanyaan apa yang paling tidak perlu diberikan?,
kedkel-2022,85,Recall,t perilaku kesehatan selama pandemi virus covid 19 dengan diterapkannya aplikasi teknologi untuk kepentingan pengendalian penyebaran virus tersebut berikut ini:,
kedkel-2022,86,Recall,mana dibawah ini yang merupakan bagian dari 7 langkah pak?,
kedkel-2022,87,Recall,dari kasus diatas apa yang paling mungkin terjadi pada nn l?,
kedkel-2022,88,Recall,mana yang merupakan risiko eksternal pada kasus tersebut?,
kedkel-2022,89,Pharmacology,"pasien diberikan tablet sustained release teofilin, kelebihan tablet tersebut adalah:",
kedkel-2022,90,Recall,pada tahun 2004 disusun kurikulum berbasis kompetensi diseluruh wilayah indonesia dan semua fk menghasilkan lulusan dokter:,
kedkel-2022,91,Diagnostics,dibawah ini yang tidak termasuk contoh uji skrining adalah?,
kedkel-2022,92,Pharmacology,penatalaksanaan pasien dengan pendekatan kedokteran keluarga berarti ?,
kedkom-2018,1,Recall,apa jenis survailans yang dilakukan oleh kepala dinas kesehatan tersebut?,
kedkom-2018,2,Pharmacology,apa yang menjadi pertimbangan anggota/konselinya untuk efektifitas konseling yang dilakukan?,
kedkom-2018,3,Diagnostics,bagaimanakah penegakan diagnosis kasus tersebut?,
kedkom-2018,4,Recall,alasan tunggal dari segi medis mana abortus dibolehkan dan disepakati oleh para ulama?,
kedkom-2018,5,Recall,apa pengertian sehat wal (dan) afiat dari perspektif islam?,
kedkom-2018,6,Recall,"i terjadi kontroversi hukum tentang aborsi pada fase tertentu sebelum fase peniupan ruh, antara yang membolehkan dan mengharamkannya menurut ulama fikih klasik?",
kedkom-2018,7,Recall,apa hukum aborsi akibat perzinaan?,
kedkom-2018,8,Diagnostics,apa tujuan pelaksanaan diagnosis komunitas?,
kedkom-2018,9,Recall,apa yang dapat menyebabkan masalah medis dapat diangkat menjadi area masalah pada masyarakat binaan?,
kedkom-2018,10,Recall,aspek kualitas udara termasuk dalam salah satu parameter persyaratan kesehatan perumahan dengan persyaratan:,
kedkom-2018,11,Diagnostics,bagaimana langkah-langkah diagnosis komunitas?,
kedkom-2018,12,Recall,beban ganda yang dialami indonesia antara lain:,
kedkom-2018,13,Recall,alasan apa yang mendasarinya?,
kedkom-2018,14,Recall,keuntungan utama kontrasepsi implant adalah:,
kedkom-2018,15,Recall,apa masalah kesehatan yang sedang terjadi berdasarkan data tersebut?,
kedkom-2018,16,Recall,disebut apa jenis rujukan tersebut?,
kedkom-2018,17,Recall,mana dari poin berikut yang bukan termasuk kriteria klb?,
kedkom-2018,18,Recall,apa bagian dari sub sistem yang tidak dapat dikendalikan?,
kedkom-2018,19,Physiology,bagaimana terjadinya penyakit dalam kasus tersebut?,
kedkom-2018,20,Recall,tujuan tersebut ada pada tujuan sdgs:,
kedkom-2018,21,Recall,hal diatas termasuk survailans jenis apa?,
kedkom-2018,22,Recall,"berdasarkan data tersebut, apa tujuan surveilans yang dapat dicapai?",
kedkom-2018,23,Recall,berapakah perbandingan rasio insidensi (medis dibanding paraji)?,
kedkom-2018,24,Recall,termasuk indikator riskesdas 2018 pada kelompok apa data tersebut di atas?,
kedkom-2018,25,Recall,data mana yang termasuk kelompok data rumah tangga?,
kedkom-2018,26,Recall,siapakah narasumber yang perlu diwawancarai untuk pengisian formulir autopsi verbal?,
kedkom-2018,27,Recall,siapakah yang bertugas mengisi formulir autopsi verbal?,
kedkom-2018,28,Recall,disebut apa fungsi dokter ini?,
kedkom-2018,29,Recall,bagaimanakah metode pembayaraan dari bpjs ke klinik yarsi?,
kedkom-2018,30,Recall,berapa lamakah gangguan tersebut harus menetap agar dapat didiagnosis adhd menurut dsm-5?,
kedkom-2018,31,Pharmacology,bagaimanakah rekomendasi skrining pemantauan perkembangan anak yang dianjurkan kemenkes ri?,
kedkom-2018,32,Pharmacology,apa saran utama pencegahan trauma/masalah kaki yang tepat diberikan?,
kedkom-2018,33,Pharmacology,jadwal imunisasi yang benar sesuai rekomendasi kementerian kesehatan ri untuk anak adalah:,
kedkom-2018,34,Recall,berapakah maternal mortality rate (mmr) per 1000 penduduk/kelahiran?,
kedkom-2018,35,Recall,apa strategi promosi kesehatan yang tepat untuk mengatasi hambatan tersebut?,
kedkom-2018,36,Recall,kaidah fikih mana yang digunakan ulama untuk menghalalkan aborsi atas indikasi medis darurat yang mengancam nyawa ibu?,
kedkom-2018,37,Recall,kerugian makro yang dialami suatu negara akibat beban ganda penyakit (double burden of diseases) di bidang kesehatan dapat berdampak pada:,
kedkom-2018,38,Recall,apa hal prinsip yang ditekankan dalam ilmu kesehatan masyarakat?,
kedkom-2018,39,Recall,pernyataan yang tepat mengenai konsep tumbuh kembang anak adalah:,
kedkom-2018,40,Recall,apa yang tergambar dari pencapaian tersebut?,
kedkom-2018,41,Recall,apa pola masalah kesehatan yang terjadi berdasarkan data tersebut?,
kedkom-2018,42,Recall,"dengan meninggalkan segala kegiatan yang dilarang agama seperti miras, mabuk, dan penyalahgunaan zat adiktif merupakan penerapan maqashid syari ah dalam bidang:",
kedkom-2018,43,Pharmacology,termasuk siklus penanggulangan bencana fase apa kondisi penanganan saat ini?,
kedkom-2018,44,Recall,pernyataan yang tepat mengenai parameter dan teknik pengukuran pertumbuhan anak adalah:,
kedkom-2018,45,Pharmacology,ke mana alur pelayanan konsultasi/tindakan yang tepat untuk pasien tersebut?,
kedkom-2018,46,Recall,apa unsur komunikan (penerima pesan) pada kegiatan pelatihan tersebut?,
kedkom-2018,47,Recall,"pada pelatihan kader jumantik agar memiliki kemampuan edukator, apa unsur isi pesan (message) utama yang disampaikan dalam pelatihan?",
kedkom-2018,48,Recall,disebut apa kegiatan tersebut?,
kedkom-2018,49,Pharmacology,berada pada komponen sistem budaya mana institusi keluarga/kelompok sosial tersebut?,
kedkom-2018,50,Recall,langkah pemecahan masalah apa yang paling tepat dilakukan?,
kedkom-2018,51,Pharmacology,"pada kasus rendahnya partisipasi posyandu, siapakah konselor yang paling tepat memfasilitasi konseling jika posyandu memutuskan menyelenggarakannya?",
kedkom-2018,52,Pharmacology,apa bentuk konseling kelompok yang paling tepat?,
kedkom-2018,53,Recall,data cakupan berikut yang tidak esensial diperlukan untuk evaluasi indikator utama kia adalah:,
kedkom-2018,54,Recall,meliputi apa cakupan data yang harus dikumpulkan?,
kedkom-2018,55,Recall,faktor risiko penyakit mana yang tidak dapat diturunkan hanya dengan intervensi edukasi pola hidup?,
kedkom-2018,56,Pharmacology,bagaimana kedudukan operasional rsuk tersebut dalam pelayanan kesehatan wilayah?,
kedkom-2018,57,Recall,dengan cara apa rujukan dapat dilakukan?,
kedkom-2018,58,Recall,"untuk memperlancar upaya kesehatan esensial puskesmas z di wilayah yang luas, dukungan dari mana yang diperlukan?",
kedkom-2018,59,Recall,kapankah suatu puskesmas dapat menyelenggarakan upaya kesehatan pengembangan?,
kedkom-2018,60,Pharmacology,"berdasarkan rumus manajemen risiko bencana (risk = hazard x vulnerability / capacity), mana pernyataan yang tepat?",
kedkom-2018,61,Recall,"pada situasi kluster isolasi mandiri rt 05, bagaimana langkah mengurangi risiko (risk) penularan bagi warga sekitar?",
kedkom-2018,62,Pharmacology,strategi utama promkes apa yang diterapkan?,
kedkom-2018,63,Recall,termasuk dalam goal sdgs berapakah target tersebut?,
kedkom-2018,64,Recall,termasuk dalam goal sdgs mana target tersebut?,
kedkom-2018,65,Recall,apa arti secara bahasa/istilah dari tazkiyatun nafs?,
kedkom-2018,66,Recall,(standar kebutuhan minimal = 10 m2/orang),
kedkom-2018,67,Recall,"berdasarkan indeks bb/tb standar baku antropometri, termasuk dalam kategori apa balita tersebut?",
kedkom-2018,68,Pharmacology,kombinasi imunisasi dasar lengkap yang wajib diberikan pada bayi usia 0-11 bulan menurut kemenkes adalah:,
kedkom-2018,69,Pharmacology,indikator mana yang belum terpenuhi pada siklus manajemen surveilans?,
kedkom-2018,70,Recall,apa tujuan utama kontak fisik tersebut?,
kedkom-2018,71,Recall,apa manfaat psikologis utama yang diperoleh ibu dan bayi dalam pelaksanaan program inisiasi menyusui dini (imd)?,
kedkom-2018,72,Recall,disebut apa pola pemberian asi tersebut?,
kedkom-2018,73,Recall,aspek demografi/sosial mana yang paling berpengaruh terhadap kerentanan infeksi saluran nafas pada kasus anak tersebut?,
kedkom-2018,74,Recall,dalam kategori kondisi apa ibu hamil tersebut?,
kedkom-2018,75,Recall,berapakah durasi waktu ideal pemberian asi eksklusif agar mencapai efektivitas manfaat tumbuh kembang dan imunitas anak yang paling optimal?,
kedkom-2018,76,Pharmacology,apa sistem pembayaran yang berlaku?,
kedkom-2018,77,Recall,termasuk dalam program bidang apa pemberdayaan lansia tersebut?,
kedkom-2018,78,Physiology,"berdasarkan regulasi dan perundang-undangan di indonesia, mana pernyataan yang paling tepat?",
kedkom-2018,79,Recall,mana determinan faktor individu (internal) yang mempengaruhi status kesehatan pasien tersebut?,
kedkom-2018,80,Pharmacology,apa pilihan kontrasepsi darurat yang tepat diberikan?,
kedkom-2018,81,Pharmacology,"ah diberikan saran dan reses kontrasepsi darurat, kapan pasien diminta untuk melakukan kunjungan ulang (kontrol) guna evaluasi efektivitas pencegahan kehamilan?",
kedkom-2018,82,Recall,masuk dalam kategori kepesertaan bpjs apa pegawai tersebut?,
kedkom-2018,83,Diagnostics,apa rekomendasi medis yang paling tepat?,
kedkom-2018,84,Diagnostics,diagnosis yang tepat adalah akseptor implan dengan keluhan:,
kedkom-2018,85,Pharmacology,tindakan tatalaksana yang tepat oleh bidan adalah:,
kedkom-2018,86,Recall,gejala keputihan kronis berbau disertai perdarahan pasca senggama pada wanita usia 48 tahun termasuk dalam ruang lingkup masalah kesehatan:,
kedkom-2018,87,Pharmacology,apa nasihat medis paling krusial yang diberikan agar kondisi penyakit kronisnya tetap stabil?,
kedkom-2018,88,Pharmacology,saran keselamatan dan pencegahan tromboemboli (dvt) yang tepat diberikan kepada jemaah lansia selama penerbangan jarak jauh (8 jam perjalanan pesawat) adalah:,
kedkom-2018,89,Recall,mana faktor lingkungan yang mempengaruhi pemulihan dan kualitas hidup pasien tersebut?,
kedkom-2018,90,Recall,apa nama wadah pelayanan kesehatan berbasis masyarakat (ukbm) tersebut?,
kedkom-2018,91,Recall,"skrining perkembangan anak sederhana yang mudah diterapkan oleh petugas puskesmas, guru paud, maupun orang tua adalah:",
kedkom-2018,92,Recall,"tuk mencegah dampak pencemar partikulat mikro (pm2.5) dalam rumah yang berisiko memicu pneumonia, upaya sanitasi dalam rumah yang paling tepat dilakukan adalah:",
kedkom-2018,93,Recall,apa nama konsep filosofi hukum islam tersebut?,
kedkom-2018,94,Recall,apa hukum dasar menjaga kesehatan bagi setiap muslim?,
kedkom-2018,95,Recall,kegiatan mana yang paling tepat dilakukan pada fase transisi tanggap darurat?,
kedkom-2018,96,Recall,"secara umum, dua kelompok metode utama yang digunakan dalam penentuan prioritas masalah kesehatan pada perencanaan kesehatan adalah:",
kedkom-2018,97,Recall,terletak pada goal sdgs berapakah target tersebut?,
kedkom-2018,98,Recall,langkah pencegahan (preventif) jangka panjang apa yang dapat dikembangkan oleh puskesmas?,
kedkom-2018,99,Recall,"asus kota a yang dibangun di daerah rawa dan kumuh, mana bentuk kegiatan mitigasi berbasis lingkungan yang tepat untuk mengurangi perkembangbiakan nyamuk aedes?",
kedkom-2018,100,Recall,"berdasarkan penilaian grafik antropometri bb/pb standar who, dalam kategori apa status gizi balita tersebut?",
kedkom-2019,1,Pharmacology,bagaimanakah rekomendasi skrining perkembangan anak yang dianjurkan kementerian kesehatan ri?,
kedkom-2019,2,Pharmacology,lembaga mana di bawah ini yang bukan merupakan lembaga tempat pelaksanaan rehabilitasi kenakalan/perlindungan anak dalam sistem peradilan anak?,
kedkom-2019,3,Recall,termasuk dalam kegiatan apa pemeriksaan kesehatan pada komunitas lansia tersebut?,
kedkom-2019,4,Recall,pernyataan tersebut berkaitan dengan faktor lingkungan sebagai apa dalam timbulnya penyakit?,
kedkom-2019,5,Recall,apa faktor lingkungan yang dapat mempengaruhi kesehatan wanita tersebut?,
kedkom-2019,6,Recall,mana di bawah ini yang merupakan implementasi dari pernyataan di atas?,
kedkom-2019,7,Recall,disebut apa fungsi dokter ini?,
kedkom-2019,8,Recall,tujuan sdg nomor 3 (kehidupan sehat dan sejahtera) termasuk dalam pilar apa?,
kedkom-2019,9,Pharmacology,tindakan apa yang sesuai untuk tatalaksana kasus ini?,
kedkom-2019,10,Recall,apa jenis surveilans yang dilakukan oleh kepala dinas kesehatan tersebut?,
kedkom-2019,11,Recall,upaya pemda dalam melakukan revitalisasi aliran sungai termasuk kegiatan apa?,
kedkom-2019,12,Recall,memberikan bayi asi yang disertai dengan pemberian makanan/minuman lain seperti susu formula sebelum bayi berusia 6 bulan disebut dengan pola pemberian asi apa?,
kedkom-2019,13,Recall,faktor risiko penyakit tidak menular maupun menular yang dapat diubah atau dihindari (modifiable risk factor) adalah...,
kedkom-2019,14,Pharmacology,apa pilihan kontrasepsi darurat yang tepat diberikan untuk mencegah kehamilan?,
kedkom-2019,15,Recall,"berdasarkan persentase cakupan, puskesmas mana yang memiliki kinerja vaksinasi terbaik?",
kedkom-2019,16,Recall,"nggalkan segala kegiatan yang dilarang oleh agama seperti minuman keras, mabuk, dan konsumsi zat adiktif merupakan penerapan maqashid syari ah dalam bidang apa?",
kedkom-2019,17,Recall,siapakah petugas yang bertanggung jawab mengisi formulir otopsi verbal perinatal (ovp)?,
kedkom-2019,18,Recall,skrining perkembangan anak sederhana yang umum digunakan di fasilitas pelayanan kesehatan dasar (puskesmas) atau oleh petugas lapangan menggunakan alat:,
kedkom-2019,19,Recall,berapakah nilai risiko relatif (relative risk) kejadian tetanus neonatorum pada kelompok persalinan paraji dibandingkan tenaga medis?,
kedkom-2019,20,Pharmacology,tipe rujukan apa yang dilakukan untuk penanganan pasien ini?,
kedkom-2019,21,Recall,apa kondisi utama yang dapat menyebabkan suatu masalah kesehatan dapat diangkat menjadi prioritas masalah dalam masyarakat binaan?,
kedkom-2019,22,Recall,r dari pelaksanaan imd tersebut?,
kedkom-2019,23,Recall,bagaimanakah metode pembayaran proaktif pra-upaya dari bpjs ke klinik yarsi tersebut?,
kedkom-2019,24,Recall,upaya promotif-preventif yang paling tepat dilakukan untuk menanggulangi masalah ini adalah:,
kedkom-2019,25,Pharmacology,konseling/pendekatan mana yang paling tepat dilakukan oleh petugas kesehatan setempat?,
kedkom-2019,26,Pharmacology,kegiatan menyediakan persediaan obat-obatan yang dilakukan puskesmas termasuk dalam kegiatan apa?,
kedkom-2019,27,Diagnostics,bagaimanakah urutan tahapan yang benar dalam melakukan diagnosis komunitas (community diagnosis)?,
kedkom-2019,28,Recall,disebut apa jenis rujukan tersebut?,
kedkom-2019,29,Recall,termasuk dalam jenis surveilans apa kegiatan ini?,
kedkom-2019,30,Recall,prinsip utama apa ini?,
kedkom-2019,31,Recall,data mana di bawah ini yang dikumpulkan pada tingkat/kuesioner rumah tangga?,
kedkom-2019,32,Recall,prinsip dasar utama yang harus melandasi kesepakatan kemitraan tersebut adalah:,
kedkom-2019,33,Pharmacology,"dalam teori sistem budaya dan sosial kesehatan, peran keluarga dan hubungan interpersonal ini termasuk ke dalam komponen apa?",
kedkom-2019,34,Recall,mana pernyataan yang paling tepat terkait aspek konsekuensi hukum perkawinan usia tersebut di indonesia?,
kedkom-2019,35,Recall,"jika diketahui total lahir hidup pada tahun tersebut adalah 5.000 bayi, berapakah angka kematian ibu / maternal mortality rate (mmr) per 1.000 kelahiran hidup?",
kedkom-2019,36,Recall,"sebelum memulai penelitian lingkungan di tingkat komunitas, koordinasi sosial paling awal paling tepat dilakukan kepada:",
kedkom-2019,37,Recall,strategi utama promosi kesehatan apa ini?,
kedkom-2019,38,Pharmacology,indikator manajemen surveilans mana yang belum terpenuhi?,
kedkom-2019,39,Recall,mana kegiatan yang paling tepat dilakukan pada fase transisi darurat krisis kesehatan?,
kedkom-2019,40,Recall,mana tindakan di bawah ini yang bukan merupakan upaya pencegahan penyakit tidak menular?,
kedkom-2019,41,Recall,apa dasar utama yang melatarbelakangi timbulnya perbedaan pendapat tersebut?,
kedkom-2020,1,Recall,kematian itu masuk ke data mana?,
kedkom-2020,2,Recall,"sdgs merupakan penyempurnaan mdgs, sdgs secara spesifik menyasar pada kelompok rentan, termasuk apa hal ini?",
kedkom-2020,3,Recall,"klb dbd januari - maret, 10 meninggal dari 30 yg terkena dbd, april - desember 50 orang terkena dbd case fatality ratenya berapa?",
kedkom-2020,4,Recall,apa masalah kesehatan anak tersebut?,
kedkom-2020,5,Pharmacology,rujukan apa yang dilakukan oleh klinik a ini?,
kedkom-2020,6,Recall,apa penyebab utama masalah tersebut?,
kedkom-2020,7,Pharmacology,"karena negara yang dituju sangat panas, apa saran pencegahan yang tepat diberikan?",
kedkom-2020,8,Pharmacology,apa yang dilakukan puskesmas untuk mengurangi hambatan konseling kelompok?,
kedkom-2020,9,Recall,disebut apa rujukan tersebut?,
kedkom-2020,10,Recall,kesimpulan apa yang paling tepat ditarik dari fenomena tersebut?,
kedkom-2020,11,Recall,puskesmas diatur secara resmi dalam regulasi kementerian kesehatan melalui peraturan menteri kesehatan nomor berapa?,
kedkom-2020,12,Recall,termasuk ke dalam ruang lingkup masalah kesehatan apa kondisi tersebut?,
kedkom-2020,13,Recall,berapakah insidens rate (angka kejadian) penyakit jantung di negara tersebut?,
kedkom-2020,14,Recall,siapakah narasumber utama yang paling tepat untuk diwawancarai guna pengisian formulir otopsi verbal?,
kedkom-2020,15,Recall,kondisi ini dipicu oleh apa?,
kedkom-2020,16,Recall,apa dasar alasan utama penetapan hukum tersebut?,
kedkom-2020,17,Recall,upaya apa yang paling tepat dilakukan oleh tenaga kesehatan dalam meningkatkan pencegahan?,
kedkom-2020,18,Recall,hal ini merupakan kelemahan utama dari metode pembayaran apa?,
kedkom-2020,19,Recall,hal ini lazim disebut sebagai penjagaan terhadap apa?,
kedkom-2020,20,Recall,"enurut syariat islam, pelaksanaan rukun islam seperti mendirikan shalat, menunaikan zakat, dan berpuasa merupakan bentuk pengamalan dari penjagaan terhadap apa?",
kedkom-2020,21,Recall,bagaimanakah hukum islam mengenai kewajiban menjaga kesehatan jasmani dan rohani bagi setiap muslim?,
kedkom-2020,22,Recall,mana di bawah ini yang merupakan bagian dari karakteristik dan definisi pelayanan di puskesmas?,
kedkom-2020,23,Recall,upaya pencegahan primer yang paling tepat dan mendasar untuk mencegah penularan diare adalah apa?,
kedkom-2020,24,Recall,iatan riset kesehatan masyarakat nasional yang memusatkan tujuan salah satunya pada evaluasi pencapaian target pembangunan milenium (mdg s) di indonesia adalah:,
kedkom-2020,25,Recall,kegiatan di atas mendukung pencapaian target sdgs nomor berapa?,
kedkom-2020,26,Recall,apa peran utama yang sedang dijalankan oleh dokter tersebut?,
kedkom-2020,27,Recall,"pertanyaannya, masalah gizi apa yang sampai saat ini masih menjadi beban utama di indonesia?",
kedkom-2020,28,Pharmacology,peraturan menteri kesehatan mana yang menjadi acuan hukum operasional dalam penyelenggaraan puskesmas secara nasional?,
kedkom-2020,29,Recall,metode penentuan prioritas apa yang menggunakan musyawarah kelompok ahli seperti ini?,
kedkom-2020,30,Pharmacology,fase apa dalam siklus manajemen bencana yang sedang dilalui masyarakat saat ini?,
kedkom-2020,31,Recall,kompetensi dokter mana yang sedang dijalankan oleh dokter z?,
kedkom-2020,32,Recall,"berdasarkan analisis sistem, termasuk ke dalam subsistem mana masalah tersebut?",
kedkom-2020,33,Recall,upaya kesehatan apa yang menjadi fokus utama dasar tersebut?,
kedkom-2020,34,Diagnostics,termasuk ke dalam metode apa teknik penentuan prioritas tersebut?,
kedkom-2020,35,Recall,peran apa yang sedang dijalankan oleh dokter tersebut?,
kedkom-2020,36,Recall,a atau survei nasional berbasis komunitas mana yang secara historis sering digunakan di indonesia untuk mengevaluasi indikator kesehatan dan pencapaian program?,
kedkom-2020,37,Pharmacology,siapakah pihak yang paling tepat diundang pada konseling kelompok kasus tersebut?,
kedkom-2020,38,Recall,kondisi ini memberikan dampak negatif utama terhadap aspek apa?,
kedkom-2020,39,Recall,"skrining perkembangan anak usia dini yang sederhana, cepat, dan dapat dilakukan di puskesmas, oleh orang tua, atau guru paud menggunakan instrumen apa?",
kedkom-2020,40,Recall,apa faktor sosiologis utama yang memicu hal ini?,
kedkom-2020,41,Recall,termasuk ke dalam tingkat pencegahan (level of prevention) apa tindakan dokter tersebut?,
kedkom-2020,42,Pharmacology,ulama memperbolehkan penggunaan vaksin yang mengandung unsur najis atau haram dalam proses pembuatannya apabila berada dalam kondisi apa?,
kedkom-2020,43,Pharmacology,di mana tatalaksana awal kegawatdaruratan gizi buruk dan komplikasi medis dapat dilakukan?,
kedkom-2020,44,Recall,"berdasarkan kerangka sosiologis budaya, hal tersebut masuk ke dalam aspek apa?",
kedkom-2020,45,Recall,apa tujuan utama bayi ditetapkan tengkurap di perut ibunya?,
kedkom-2020,46,Recall,kegiatan di atas mendukung pencapaian sdgs nomor berapa?,
kedkom-2020,47,Diagnostics,apa diagnosis masalah medis anak tersebut?,
kedkom-2020,48,Recall,kegiatan riset kesehatan nasional yang dilakukan untuk mengevaluasi target mdgs di bidang kesehatan secara komprehensif adalah:,
kedkom-2020,49,Recall,"dari berbagai faktor sosiologis, mana yang paling berkontribusi langsung terhadap peningkatan pernikahan dini?",
kedkom-2020,50,Recall,"berdasarkan sistem sosiologi budaya, keluarga termasuk ke dalam aspek apa?",
kedkom-2020,51,Pharmacology,di mana tatalaksana awal gizi buruk dan keterlambatan perkembangan tersebut dapat diakses secara komprehensif?,
kedkom-2020,52,Recall,r an yang menerangkan tentang kewajiban berbuat baik dan berbakti kepada kedua orang tua (salah satunya termuat dalam surah al-isra ) terdapat pada ayat berapa?,
kedkom-2020,53,Recall,pola pemberian asi apa yang dilakukan jika bayi mendapat asi diselingi susu formula?,
kedkom-2020,54,Recall,apa teknik penentuan prioritas masalah tersebut?,
kedkom-2020,55,Recall,risiko gangguan kesehatan akibat polusi udara yang tinggi bagi warga kota dapat diminimalkan jika kita melakukan upaya untuk menurunkan tingkat apa?,
kedkom-2020,56,Recall,indikator jumlah positif jentik nyamuk dalam evaluasi manajemen program termasuk ke dalam jenis indikator apa?,
kedkom-2020,57,Recall,"menurut teori blum, faktor apa yang paling dominan mempengaruhi perilaku tersebut?",
kedkom-2020,58,Recall,upaya pencegahan mana yang dilakukan oleh dokter tersebut?,
kedkom-2020,59,Recall,apa arti dari sistem pembayaran kapitasi tersebut?,
kedkom-2020,60,Recall,apa nama jenis surveilans tersebut?,
kedkom-2020,61,Recall,indikator angka bebas jentik (abj) merupakan ukuran keberhasilan apa bagi program tersebut?,
kedkom-2020,62,Pharmacology,di mana tatalaksana rujukan medis utama yang tepat bagi anak tersebut?,
kedkom-2020,63,Pharmacology,apa hambatan psikososial terbesar yang sering dialami pasien dalam konseling kelompok?,
kedkom-2020,64,Recall,termasuk ke dalam kategori syarat apa parameter tersebut?,
kedkom-2020,65,Recall,"alah kesehatan menggunakan metode bryant, indikator apa yang digunakan untuk menilai seberapa besar tingkat keparahan, kesakitan, dan kematian yang ditimbulkan?",
kedkom-2020,66,Pharmacology,kondisi ini dalam siklus manajemen bencana termasuk ke dalam fase apa?,
kedkom-2020,67,Recall,bagaimanakah hukum menjaga kesehatan dalam pandangan syariat islam secara umum bagi setiap mukallaf?,
kedkom-2020,68,Recall,hal ini lazim disebut sebagai prinsip apa?,
kedkom-2020,69,Pharmacology,konseling apa yang paling tepat disarankan untuk mengatasi masalah kepatuhan dan dukungan kelompok tersebut?,
kedkom-2020,70,Recall,"di bawah ini, mana yang tidak termasuk ke dalam karakteristik umum masalah sosial?",
kedkom-2020,71,Recall,faktor utama apa yang seringkali menjadi pemicu di balik tingginya fenomena tersebut?,
kedkom-2020,72,Recall,survei kesehatan nasional yang secara berkala mengukur berbagai indikator pembangunan kesehatan termasuk target mdgs di tingkat provinsi dan nasional adalah:,
kedkom-2020,73,Recall,apa nama metode tersebut?,
kedkom-2020,74,Pharmacology,apa hambatan psikososial utama yang sering dihadapi dalam pelaksanaan konseling tersebut?,
kedkom-2020,75,Pharmacology,mana di bawah ini yang termasuk ke dalam kelompok imunisasi dasar lengkap pada anak di indonesia sesuai program kementerian kesehatan?,
kedkom-2020,76,Recall,"soal mengenai kesehatan gizi kurang dan gizi lebih, mana pernyataan yang salah mengenai kondisi stunting pada anak?",
kedkom-2020,77,Recall,langkah apa yang sedang dilakukan petugas dalam menerapkan metode lingkaran pemecahan masalah?,
kedkom-2020,78,Recall,kesimpulan mana yang paling tepat dapat ditarik dari kondisi tersebut?,
kedkom-2020,79,Recall,"na di daerah tujuan ibadah (seperti tanah suci umroh/haji) cuaca sangat panas terik, saran pencegahan apa yang paling tepat diberikan oleh dokter kepada jemaah?",
kedkom-2020,80,Pharmacology,apa saja yang termasuk dalam kelompok imunisasi dasar wajib bagi bayi?,
kedkom-2020,81,Pharmacology,apa istilah fase manajemen yang sedang berlangsung?,
kedkom-2020,82,Pharmacology,bagaimana cara agar anak kedua tetap bisa mendapatkan hak asi secara optimal di tengah kesibukan kerja ibu?,
kedkom-2020,83,Pharmacology,apa upaya strategis puskesmas untuk mengurangi hambatan keikutsertaan dalam konseling kelompok tersebut?,
kedkom-2020,84,Recall,termasuk ke dalam aspek budaya apa institusi keluarga tersebut?,
kedkom-2020,85,Recall,riset kesehatan nasional berbasis komunitas yang melakukan integrasi data dengan survei sosial ekonomi nasional (susenas) secara berkala dikenal sebagai:,
kedkom-2020,86,Recall,termasuk ke dalam pola pemberian asi apa kondisi tersebut?,
kedkom-2020,87,Recall,kegiatan riset kesehatan nasional yang dirancang khusus untuk mengevaluasi target pembangunan milenium (mdg s) di bidang kesehatan adalah:,
kedkom-2020,88,Recall,teknik metode apa yang paling tepat digunakan?,
kedkom-2020,89,Recall,z tetap dapat memberikan manfaat asi yang baik bagi bayinya di sela kesibukan bekerja?,
kedkom-2020,90,Pharmacology,siapakah pihak yang paling tepat diundang dalam konseling kelompok untuk mencari solusi bersama?,
kedkom-2020,91,Pharmacology,"gunung merapi mengeluarkan erupsi awan panas (wedus gembel), apa langkah awal darurat yang harus dilakukan oleh puskesmas di wilayah terdampak?",
kedkom-2020,92,Recall,x agar tidak memutus pemberian asi secara total?,
kedkom-2020,93,Recall,apa tujuan utama dari pendekatan dan pelibatan posyandu tersebut bagi masyarakat?,
kedkom-2020,94,Recall,apa metode penentuan yang digunakan?,
kedkom-2020,95,Recall,"berdasarkan batasan umum organisasi kesehatan dunia (who), pada rentang usia berapakah seseorang dikategorikan sebagai lanjut usia (lansia)?",
kedkom-2020,96,Recall,apa status jenis kepesertaan jkn bapak n tersebut?,
kedkom-2020,97,Pharmacology,jenis tingkat pencegahan apa tindakan dokter tersebut?,
kedkom-2020,98,Recall,tingginya risiko gangguan kesehatan tersebut paling utama disebabkan oleh peningkatan faktor apa?,
kedkom-2020,99,Recall,ke dalam pilar apa tujuan sdgs nomor 3 (kehidupan sehat dan sejahtera) diklasifikasikan?,
kedkom-2020,100,Recall,"mbangan indikator program pemberantasan sarang nyamuk, indikator angka bebas jentik (abj) masuk ke dalam kategori indikator apa bagi sistem manajemen puskesmas?",
kedkom-2020,101,Pharmacology,apa langkah strategis utama yang dapat dilakukan untuk mengurangi hambatan konseling kelompok bagi pasien tersebut?,
kedkom-2020,102,Pharmacology,siapakah pihak yang paling tepat diundang dalam kelompok konseling tersebut?,
kedkom-2020,103,Recall,"allah seperti mendirikan shalat, menunaikan zakat, dan menunaikan ibadah haji termasuk ke dalam penjagaan tujuan syariat islam (maqashid syariah) di bidang apa?",
kedkom-2020,104,Recall,pemeriksaan penapisan (skrining) apa yang paling tepat untuk mendeteksi dini kelainan tersebut?,
kedkom-2020,105,Recall,apa jenis surveilans yang tepat berdasarkan sasaran penyelenggaraan tersebut?,
kedkom-2020,106,Recall,berapakah case fatality rate (cfr) dbd pada periode awal tersebut?,
kedkom-2020,107,Diagnostics,jenis rujukan apa yang dilakukan oleh klinik a?,
kedkom-2020,108,Pharmacology,instrumen skrining perkembangan apa yang paling mudah dan direkomendasikan untuk digunakan oleh puskesmas serta guru paud?,
kedkom-2020,109,Recall,apa arti dari metode pembayaran kapitasi tersebut?,
kedkom-2020,110,Recall,berapakah case fatality rate (cfr) pada periode pertama?,
kedkom-2020,111,Recall,jenis surveilans apa yang dilakukan untuk mengetahui patogen penyebab infeksi secara pasti?,
kedkom-2020,112,Recall,ke dalam indikator kematian mana data tersebut dicatat secara resmi?,
kedkom-2020,113,Recall,"an metode bryant, kriteria apa yang digunakan untuk menilai tingkat keseriusan, tingkat keparahan, serta besarnya angka kesakitan dan kematian yang ditimbulkan?",
kedkom-2020,114,Recall,mana di bawah ini yang merupakan landasan logis dalam mengangkat suatu kondisi menjadi area masalah kesehatan pada masyarakat binaan?,
kedkom-2020,115,Recall,apa surveilans yang tepat berdasarkan sasaran penyelenggaraan?,
kedkom-2020,116,Pharmacology,saran apa yang paling tepat diberikan oleh dokter untuk mencegah risiko kekakuan atau trombosis vena selama penerbangan?,
kedkom-2020,117,Recall,faktor utama apa yang melatarbelakangi tingginya masalah kesehatan reproduksi remaja tersebut?,
kedkom-2020,118,Recall,"dalam epidemiologi lingkungan, air berperan sebagai apa dalam penularan penyakit tersebut?",
kedkom-2020,119,Recall,siapakah sumber narasumber utama yang bertugas memberikan informasi untuk pengisian formulir otopsi verbal?,
kedkom-2020,120,Recall,apa salah satu indikator parameter utama yang digunakan dalam metode tersebut?,
kedkom-2020,121,Recall,puskesmas diatur secara resmi dalam peraturan menteri kesehatan nomor berapa?,
kedkom-2020,122,Recall,tujuan sdgs no. 3 (kesehatan yang baik) termasuk ke dalam pilar apa?,
kedkom-2020,123,Recall,bagaimana cara menyusui agar bayi tetap mendapatkan asi secara optimal?,
kedkom-2020,124,Pharmacology,langkah strategis apa yang paling tepat untuk memperbaiki akses dan kepatuhan pengobatan tersebut?,
kedkom-2020,125,Recall,ayat dalam al-qur an yang memerintahkan agar berbuat baik kepada orang tua (birrul walidain) terdapat pada surat dan ayat berapa?,
kedkom-2020,126,Recall,tujuan sdgs ke-3 termasuk ke dalam pilar apa?,
kedkom-2020,127,Recall,apa anjuran pencegahan kesehatan yang paling penting diperhatikan selama di tanah suci?,
kedkom-2020,128,Recall,tujuan mana yang mencakup bidang kesehatan dalam sdgs?,
kedkom-2020,129,Diagnostics,surveilans kesehatan masyarakat yang berfokus pada pemantauan gejala-gejala klinis awal sebelum diagnosis laboratorium definitif tegak dikenal sebagai:,
kedkom-2020,130,Recall,sifat karakteristik sistem surveilans apa yang ditunjukkan?,
kedkom-2020,131,Recall,"badah kepada allah seperti mendirikan shalat, menunaikan zakat, dan berpuasa termasuk ke dalam tujuan syariat islam (maqashid syariah) dalam hal memelihara apa?",
kedkom-2020,132,Diagnostics,saran apa yang paling tepat diberikan kepada pasien selama perjalanan di pesawat untuk mencegah komplikasi sirkulasi darah?,
kedkom-2020,133,Recall,atribut karakteristik apa yang dimaksud?,
kedkom-2020,134,Pharmacology,tindakan pencegahan apa yang dilakukan oleh dokter a?,
kedkom-2020,135,Recall,z agar bayinya tetap mendapatkan asi?,
kedkom-2020,136,Recall,apa akar penyebab utama dalam subsistem sumber daya manusia (man) yang sering mendasari hal tersebut?,
kedkom-2020,137,Recall,siapakah narasumber utama yang paling tepat diwawancarai untuk pengisian formulir otopsi verbal?,
kedkom-2020,138,Recall,mana di bawah ini yang merupakan salah satu keuntungan utama dari penggunaan kontrasepsi implant (susuk kb)?,
kedkom-2020,139,Recall,tujuan sdgs no. 3 termasuk ke dalam pilar apa?,
kedkom-2020,140,Recall,apa tujuan utama dari fungsi program bantuan sosial tersebut bagi kelompok lansia rentan?,
kedkom-2020,141,Recall,masalah kesehatan yang diangkat menjadi area masalah di masyarakat binaan merupakan masalah yang memenuhi kriteria apa?,
kedkom-2020,142,Recall,apa fungsi utama dari program perlindungan sosial tersebut?,
kedkom-2020,143,Recall,berapakah angka kejadian (insidens rate) per 100 penduduk di negara tersebut?,
kedkom-2020,144,Recall,epat dan komprehensif dalam menangani permasalahan kesehatan reproduksi remaja (seperti tingginya angka pernikahan dini dan risiko kespro) di masyarakat adalah:,
kedkom-2020,145,Recall,apa arti dari metode kapitasi tersebut?,
kedkom-2020,146,Recall,hitunglah angka kejadian (insidens rate) jika di suatu daerah terdapat 5.000.000 penduduk dan yang terkena penyakit jantung adalah 500 orang.,
kedkom-2020,147,Recall,mana pernyataan yang paling benar mengenai definisi kesehatan reproduksi?,
kedkom-2020,148,Recall,berapakah angka proporsi kejadiannya jika dinyatakan dalam bentuk desimal rasio total?,
kedkom-2020,149,Recall,mana di bawah ini yang tidak termasuk ciri-ciri masalah sosial?,
kedkom-2020,150,Pharmacology,"a dan krisis kesehatan, setelah fase tanggap darurat selesai dan kondisi berangsur pulih, tahapan apa yang menandai kembalinya aktivitas normal secara bertahap?",
kedkom-2020,151,Pharmacology,bagaimanakah jadwal rekomendasi skrining perkembangan anak balita yang dianjurkan?,
kedkom-2020,152,Recall,tujuan mana yang mencakup kelompok tersebut?,
kedkom-2020,153,Recall,eksistensi insan islami sangat tergantung dari menjaga lima hal di atas yang dirumuskan oleh ulama sebagai apa?,
kedkom-2020,154,Pharmacology,instrumen skrining perkembangan apa yang direkomendasikan dan dapat dilakukan oleh keluarga serta guru paud?,
kedkom-2020,155,Pharmacology,apa tindakan kontrasepsi darurat atau penanganan yang paling tepat untuk menghindari kehamilan pada kasus tersebut?,
kedkom-2020,156,Recall,n termasuk ke dalam golongan apa?,
kedkom-2020,157,Recall,mana komponen sarana penting lainnya yang juga menjadi bagian dari pilar sanitasi dasar masyarakat?,
kedkom-2021,1,Recall,apa jenis surveilans yang dilakukan oleh kepala dinas kesehatan tersebut ?,
kedkom-2021,2,Recall,"karena udara yang sangat panas di daerah tujuan pasien, kondisi kesehatan apa yang mungkin terjadi dengan pasien?",
kedkom-2021,3,Recall,apa pengertian sehat wal (dan) alfiat dari perspektif islam?,
kedkom-2021,4,Recall,termasuk jenis bencana apa kasus diatas?,
kedkom-2021,5,Recall,termasuk kategori apa kasus diatas?,
kedkom-2021,6,Physiology,bagaimana mekanisme terjadinya kenaikan kedua penyakit tersebut sehingga dikatakan merupan dampak tidak langsung dari perubahan iklim?,
kedkom-2021,7,Recall,termasuk kategori apa dampak kesehatan di atas aibat perubahan iklim?,
kedkom-2021,8,Recall,beban ganda yang di alami negara kita tidak di sebabkan oleh hal di bawah ini...,
kedkom-2021,9,Recall,"diantara emisi gas rumah kaca di atas, mana yang paling besar konsentrasinya dalam menyebabkan efek rumah kaca?",
kedkom-2021,10,Recall,apa masalah kesehatan yang sedang terjadi berdasarkan data tersebut?,
kedkom-2021,11,Recall,berikut adalah bagian dari terminology jihad fii sabilillah menurut lughawi/bahasa...,
kedkom-2021,12,Recall,berikut yang termasuk program ibu dan anak adalah...,
kedkom-2021,13,Recall,apa program puskesmas yang akan menangangi pasien tersebut?,
kedkom-2021,14,Pharmacology,di sebut apa jenis rujukan tersebut?,
kedkom-2021,15,Recall,pada tahap apa kegiatan pelatihan yang di lakukan oleh puskesmas x tersebut?,
kedkom-2021,16,Recall,hal di atas termasuk surveilans jenis....,
kedkom-2021,17,Recall,berapaakah perbandingan rasio nya?,
kedkom-2021,18,Recall,"berdasarkan data tersebut, tujuan surveilan yang dapat dicapai adalah?",
kedkom-2021,19,Recall,siapakh sumber yang perlu di wawancarai untuk pengisian formulir otopsi verbal?,
kedkom-2021,20,Recall,siapakh sumber yang bertugas mengisi formulir untuk pengisian formulir otopsi verbal?,
kedkom-2021,21,Recall,"berdasarkan ayat ini, hokum berdakwah adalah…",
kedkom-2021,22,Recall,pesan yang terdapat dalam hadist di atas adalah…,
kedkom-2021,23,Recall,di sebut apkah fungsi dokter ini?,
kedkom-2021,24,Recall,bagaimanakah metode pembayaran bpjs ke klinik yarsi ?,
kedkom-2021,25,Recall,"pada evaluasi program dengan pendekatan system, dimanakah akar penyebab masalah di atas?",
kedkom-2021,26,Recall,"berdasarkan metode lingkaran pemecahan masalah, langkah apa yang seharusnya di lakukan oleh dokter puskesmas?",
kedkom-2021,27,Recall,apa metode yang digunakan oleh dokter tersebut?,
kedkom-2021,28,Recall,apa metode yang digunakan oleh dokter tersebut?,
kedkom-2021,29,Recall,mana pernyataan yang paling tepat di bawah ini?,
kedkom-2021,30,Recall,faktor resiko penyakit menular yang dapat di hindari...,
kedkom-2021,31,Recall,"fishbone dilakukan untuk mencari akar penyebab masalah, hal ini didpaatkan dengan...",
kedkom-2021,32,Pharmacology,berikut yang tidak termasuk imunisasi dasar pada bayi adalah…,
kedkom-2021,33,Recall,mana dibawah ini yang merupakan pernyataan yang benar untuk kesehatan reproduksi?,
kedkom-2021,34,Recall,berapakah maternal mortality rate (mmr) per seribu kelahiran hidup penduduk desa a ?,
kedkom-2021,35,Recall,termasuk factor apa yang dilakukan kader jumantik dalam hal perubahan perilaku masyarakat?,
kedkom-2021,37,Recall,termasuk kategori respon capacity apa bantuan dari pihak provinsi banda aceh dan kabupaten sekitarnya pada kasus di atas?,
kedkom-2021,38,Recall,"untuk mewujudkan kegiatan, program apakahyang akan di tgaskan kepala puskesmas?",
kedkom-2021,39,Recall,"kesehatan maysrakat dapat tercapau dnegan partisipasi berbagai pihak, hal yang ditekankan dalam kesehtan masyarakat adalah…",
kedkom-2021,40,Pharmacology,strategi promkes apa yang tepat untuk kegiatan germas di atas?,
kedkom-2021,41,Recall,konsep islam mengkarantina penderita penyakit menuar sebagaimana hadist tentang tha un (wabah) dianjurkan:,
kedkom-2021,42,Diagnostics,langkah-langkah diagnosis komunitas adalah…,
kedkom-2021,43,Recall,apa masalah kesehatan yang terjadi berdasarkandata tersbeut?,
kedkom-2021,44,Recall,maslaah medis dapat diangkat menjadi area maslah pada masyrakat binaan jika maslaah tersebut…,
kedkom-2021,45,Recall,"enyam pendidikan tinggi, banyak dari mereka yang hanya bis abaca tulis atau hanya berpendidikan sd, untuk mengetahui sebab dari hal ini dapat diketahui melalui?",
kedkom-2021,46,Recall,termasuk kategori respon capacity apa yang di lakukan masyarakat pada kasus di atas?,
kedkom-2021,47,Recall,hal tersebut adalah merupakan penerapan maqasidh syariah dalam bidang:,
kedkom-2021,48,Recall,mana yang sesuai untuk pola pemberian asi dan susu formula tersebut di atas?,
kedkom-2021,49,Recall,"melaksanakan perintahnya dan menjauhi larangannya untuk mencapai kehidupan bahagia dunia dan akhirat,sesuai dengan tuntunan dan contoh rasullah,adalah definisi:",
kedkom-2021,50,Recall,"an ibadahnya tsb,sebelumnya ny s sudah memeriksa kehamilannya dan dalam kondisi sehat.kondisi wanita dengan kehamilan 12 minggu apabila berangkat umroh adalah :",
kedkom-2021,51,Recall,penilaian status gizi ibu hamil dimassa kehamilan menjadi hal penting.metode penilaian yang digunakan untuk memantau status gizi ibu hamil adalah,
kedkom-2021,52,Recall,penyakit tidak menular tidak dapat dicegah dengan cara,
kedkom-2021,53,Pharmacology,arga akan menjadi pmo (pengawas menelan obat) bagi penderita tbc selama massa pengobatan.termasuk kelompok system budaya apa anggota keluarga pada kasus diatas?,
kedkom-2021,54,Recall,"rcayaan,dorongan tokoh agama dan tokoh masyarakat,serta peralatan yang menunjang untuk perilaku pencegahan.termasuk factor apa aspek persepsi pada kasus diatas?",
kedkom-2021,55,Physiology,i perlu diwaspadai oleh semua pihak tak terkecuali masyarakat harus turut serta berperan aktif.apa upaya yang dapat dilakukan oleh masyarakat pada kasus diatas?,
kedkom-2021,56,Physiology,engalami kesulitan untuk mendapatkan akses air bersih.apa upaya bidang kesehatan yang dapat dilakukan dalam meminimalisir dampak perubahan iklim pada kasus tsb?,
kedkom-2021,57,Recall,plant survey dilakukan untuk?,
kedkom-2021,58,Recall,"mas didampingi oleh petugas kelurahan, ketua rw dan ketua rt serta tokoh masyarakat.termasuk komponen komunikasi kesehatan apa staf puskesmas pada kasus diatas?",
kedkom-2021,59,Recall,"ehatan puskesmas didampingi oleh petugas kelurahan,ketua rw dan ketua rt serta tokoh masyarakat.siapakah yang termasuk komponen komunikan pada kasus tsb diatas?",
kedkom-2021,60,Recall,uk mendukung tugas kader jumantik ketika melakukan pemantauan jentik kerumah-rumah warga.strategi apa yang dilakukan oleh puskesmas dan kecamatan wilayah x tsb?,
kedkom-2021,61,Recall,ukung tugas kader jumantik ketika melakukan pemantauan jentik kerumah-rumah warga.termasuk kelompok sasaran promkes berapa pihak perusahaan tsb pd kasus diatas?,
kedkom-2021,62,Recall,"a yang menderita hipertensi,diabetes,gagalginjal,pjk,tb,anemia dan tumor.dari kegiatan yang dilakukan oleh puskesmas tidak dapat untuk mengurangi factor resiko?",
kedkom-2021,63,Recall,"temuan tsb terdapat lansia yang menderita hipertensi,diabetes,gagalginjal,pjk,tb,anemia dan tumor.tindakan yang seharusnya dilakukan untuk pasien diatas adalah:",
kedkom-2021,64,Recall,"putus asa,kufur,thama,takabur,ujub,zalim,riya sumah,hasad,dan kikir termasuk contoh akhlak?",
kedkom-2021,65,Recall,kan setiap bulan hasil evaluasi menunjukan kurangnya kegiatan upaya kesehatan perorangan (ukp).apa kegiatan yang harus dilakukan untuk meningkatkan cakupan ukp?,
kedkom-2021,66,Recall,"rekomendasi setelah dilaksanakan plant survey ditujukan untuk perusahaan dan pekerja,salah satu rekomendasi bagi perusahaan dibawah ini adalah?",
kedkom-2021,67,Recall,"salah satu upaya menciptakan kesehatan jiwa adalah melalui tazkiyatun nafs,berarti:",
kedkom-2021,68,Pharmacology,a.pengurus yayasan meminta dokter klinik boarding school menyelesaikan permasalahan tsb.apa tindakan yang tepat dilakukan oleh dokter klinik boarding scool tsb?,
kedkom-2021,69,Recall, tingkat pelayanan dan pelacakan yang dilakukan dengan cara otopsi verbal sangat dibutuhkan.mana dibawah ini yang merupakan implementasi dari pernyataan diatas?,
kedkom-2021,70,Recall,"senantiasa melihat orang lain dengan pandangan lebih bak dari pada diri sendiri denga kekurangan yang dimiliki, disebut",
kedkom-2021,71,Pharmacology,"rahnya, data yang belum dapat dikumpulkan adalah status gizi ibu hamil di setiap kelurahan.apa indicator yang blm terpenuhi untuk melakukan manajemen surveilan?",
kedkom-2021,72,Recall,"n adalah pusing.riwayat kehamilan anak pertama melahirkan di bidan, ibu masih percaya pd mitos tentang ibu hamil tida boleh mengkomsumsi ikan.ibu tsb mengalami?",
kedkom-2021,73,Pharmacology,inta saran anda untuk perjalanan ibadah ini.nasihat terpenting yang anda berikan kepada pasien dilihat dari usianya agar tetap dapat beribadah dengan baik yaitu,
kedkom-2021,74,Pharmacology,saran yang anda berikan kepada psien selama diperjalanan menggunakan pesawat yang cukup lama adalah..,
kedkom-2021,75,Pharmacology,saran yang anda berikan untuk nenek tersesbut adalah...,
kedkom-2021,76,Recall,termasuk kedalam jenis peserta apa pegawai diatas?,
kedkom-2021,77,Pharmacology,apa metode pembayaran yang berlaku di klinik tersebut?,
kedkom-2021,78,Recall,apa kegiatan pemberdayaan lansia yang dilakukan oleh pemerintah daerah dan bapak joko tersebut?,
kedkom-2021,79,Recall,apa faktor individu yang mempengaruhi kesehatan bapak?,
kedkom-2021,80,Recall,apa faktor lingkungan yang dapat mempengaruhi kesehatan wanita tersebut?,
kedkom-2021,81,Recall,apa tujuan p[osisi demikian?,
kedkom-2021,82,Recall,mana dari pernyataan bibawah ini yang bukan manfaat imd untuk ibu?,
kedkom-2021,83,Recall,termasuk dalam kegiatan apa itu?,
kedkom-2021,84,Recall,tahapan dalam kegiatan plant survey adalah,
kedkom-2021,85,Recall,kejadian yang seharusnya tidak terjadi adalah,
kedkom-2021,86,Recall,apa yang melatarbelakangi kontroversi tersebut?,
kedkom-2021,87,Recall,terminologi birrul walidain:,
kedkom-2021,88,Diagnostics,tujuan pelaksaaan diagnosis komunitas adalah?,
kedkom-2021,89,Recall,ulama yang memperbolehkan vaksinasi meskioun bahanya dibuat dari bahan yang haram dengan alasa:,
kedkom-2021,90,Recall,"if pada bayi di indonesia diatur ttg 10 langkah yang dapat diterapkan, mana dibawah ini yang tidak termasuk dalam 10 langkah untuk keberhasilan tersebut diatas?",
kedkom-2021,91,Recall,mana dibawah ini yang bukan 4 terlalu?,
kedkom-2021,92,Recall,"untuk menentukan instrumen pengumpulan data yang akan dipakau, apa yang perlu dilakukan?",
kedkom-2021,93,Recall,termasuk kategori apa upaya tersebut?,
kedkom-2021,94,Recall,mana upaya bidang kesehatan tersebut diatas yang dapat dilakukan masyarakat?,
kedkom-2021,95,Recall,strategi promkes apa yang tepat untuk mencapai tujuan perilaku sehat dalam rangka pencegahan wabah penyakit tersebut pada keluarga tersebut?,
kedkom-2021,96,Recall,usaha untuk mempertahan kan rutinitas dalam suatu pekerjaan baik ( amal shalih) disebut:,
kedkom-2021,97,Diagnostics,di dalam diagnosis komunitas langkah keberapakah yang termasuk di dalamnya membuat survey?,
kedkom-2021,98,Recall,warga yang menjadi sasaran kegiatan edukasi kader jumantik termasuk dalam sasaran kegiatan promkes:,
kedkom-2021,99,Recall,seorang pasien laki-laki berusia 45 tahun datang dengan keluhan nyeri ulu hati yang memburuk setelah makan...,
kedkom-2021,100,Recall,apa pilar utama pendekatan ilmu kesehatan masyarakat yang berfokus pada upaya perlindungan kesehatan kelompok rentan tersebut?,
kedkom-2022,1,Pharmacology,"berdasarkan kasus tersebut, apa tujuan paling utama dari konseling kesehatan lingkungan yang dilakukan petugas?",
kedkom-2022,2,Recall,berapakah jumlah dana kapitasi yang diterima klinik tersebut dalam satu bulan?,
kedkom-2022,3,Recall,surveilans ini termasuk jenis apa?,
kedkom-2022,4,Recall,hal ini termasuk dalam pilar:,
kedkom-2022,5,Diagnostics,uji statistik apa yang digunakan?,
kedkom-2022,6,Pharmacology,desain penelitian apa yang paling tepat?,
kedkom-2022,7,Recall,tujuan utama dari program ini adalah:,
kedkom-2022,8,Pharmacology,hal tersebut termasuk manajemen mutu pelayanan kesehatan...,
kedkom-2022,9,Recall,aspek perlindungan apa yang paling tepat dibutuhkan korban?,
kedkom-2022,10,Recall,"setelah hamil, bagaimana status gizinya?",
kedkom-2022,11,Recall,metode penelitian yang digunakan termasuk dalam jenis apa?,
kedkom-2022,12,Recall,apa kekurangan utama dalam pengelolaan dapur mbg?,
kedkom-2022,13,Pharmacology,apa yang sebaiknya dilakukan dokter?,
kedkom-2022,14,Pharmacology,tindakan paling tepat yang harus dilakukan adalah:,
kedkom-2022,15,Pharmacology,hal ini termasuk dalam prinsip manajemen apa?,
kedkom-2022,16,Recall,apa kepanjangan dari usg dalam metode penentuan prioritas masalah kesehatan?,
kedkom-2022,17,Recall,"menurut teori domino heinrich, domino apa yang harus dihilangkan?",
kedkom-2022,18,Recall,"berdasarkan hasil tersebut, status gizi anak menurut bb/u adalah...",
kedkom-2022,19,Recall,diagram yang digunakan untuk mengetahui atau menganalisis penyebab suatu masalah/akar masalah adalah?,
kedkom-2022,20,Pharmacology,apa risiko utama pada pasien ini?,
kedkom-2022,21,Recall,apa surveilans yang tepat dilakukan oleh dokter berdasarkan sasaran penyelenggaraan?,
kedkom-2022,22,Recall,mana pernyataan yang paling tepat di bawah ini?,
kedkom-2022,23,Pharmacology,apa intervensi yang dilakukan?,
kedkom-2022,24,Recall," dimana laki-laki dan perempuan berduaan di tempat yang sepi atau bahkan merasa sepi di keramaian, yang dapat mendatangkan godaan dan juga nafsu disebut dengan:",
kedkom-2022,25,Recall,peran dokter di saat ini adalah sebagai?,
kedkom-2022,26,Recall,"umpulkan seluruh staf puskesmas seperti dokter, bidan, apoteker, laboratorium, dan staf lainnya untuk menentukan masalah dalam wilayah kerja. metode yang tepat?",
kedkom-2022,27,Recall,apa kerentanan utama yang paling tepat?,
kedkom-2022,28,Recall,eksistensi insan islami sangat tergantung dari menjaga lima hal di atas yang oleh para ulama dirumuskan sebagai apa?,
kedkom-2022,29,Recall,apa metode pemberian asi yang dimaksud?,
kedkom-2022,30,Pharmacology,tahap tersebut merupakan tahapan apa?,
kedkom-2022,31,Recall,"jika dikaitkan dengan integrasi layanan primer (ilp), tindakan tersebut termasuk dalam klaster apa?",
kedkom-2022,32,Recall,apa upaya yang dilakukan untuk meningkatkan kualitas hidup anak?,
kedkom-2022,33,Recall,apa peran dokter dalam konteks kedokteran komunitas pada skenario tersebut?,
kedkom-2022,34,Recall,"sesuai standar anc indonesia, berapa kali lagi dia anc sampai hari kelahiran?",
kedkom-2022,35,Recall,uji statistik apa yang digunakan?,
kedkom-2022,36,Recall,poin b merupakan intervensi?,
kedkom-2022,37,Recall,"jika hanya boleh memilih satu prioritas intervensi yang paling logis dan berdampak langsung pada anemia/stunting kehamilan, maka intervensi yang tepat adalah:",
kedkom-2022,38,Recall,peran dokter tersebut adalah:,
kedkom-2022,39,Recall,apa desain penelitian yang paling cocok?,
kedkom-2022,40,Pharmacology,kegiatan tersebut termasuk dalam tahap manajemen bencana apa?,
kedkom-2022,41,Recall,apa keuntungan utama dari penggunaan teknologi tersebut?,
kedkom-2022,42,Recall,apa kriteria penilaian utama alternatif tersebut?,
kedkom-2022,43,Recall,bagaimana hasil yang dapat dilaporkan kader kepada penanggung jawabnya?,
kedkom-2022,44,Recall,kebijakan ini mencerminkan pilar pembiayaan kesehatan apa?,
kedkom-2022,45,Pharmacology,pendekatan manajemen yang sesuai dengan kasus tersebut?,
kedkom-2022,46,Pharmacology,masalah ini terjadi pada proses manajemen yang mana?,
kedkom-2022,47,Recall,apa tindakan intervensi yang paling tepat agar terhindar dari risiko masalah kesehatan reproduksi?,
kedkom-2022,48,Recall,indeks ini terutama menilai:,
kedkom-2022,49,Recall,apa bentuk intervensi yang paling tepat?,
kedkom-2022,50,Pharmacology,"sebagai dokter, tindakan awal medikolegal/klinis yang harus dilakukan dengan persetujuan pasien adalah:",
kedkom-2022,52,Recall,berapa lama lagi bayi tersebut harus mendapatkan asi eksklusif?,
kedkom-2022,52,Recall,berapa lama lagi bayi tersebut harus mendapatkan asi eksklusif?,
kedkom-2022,53,Recall,intervensi kesehatan lingkungan yang paling tepat adalah:,
kedkom-2022,54,Recall,konsep mana yang menggambarkan fenomena ini?,
kedkom-2022,55,Pharmacology,metode kontrasepsi alamiah yang dapat disarankan adalah:,
kedkom-2022,56,Recall,pesan utama yang terdapat dalam hadits tersebut adalah:,
kedkom-2022,57,Recall,fenomena ini menggambarkan:,
kedkom-2022,58,Recall,intervensi kebijakan mana yang paling tepat diprioritaskan?,
kedkom-2022,59,Recall,apa tindakan kesehatan komunitas yang paling tepat?,
kedkom-2022,60,Recall,berapakah nilai sensitivitas alat pemeriksaan tersebut dalam bentuk pecahan?,
kedkom-2022,61,Recall,"berdasarkan konsep determinan masalah gizi, faktor paling dasar (underlying/basic cause) yang memengaruhi kondisi tersebut adalah:",
kedkom-2022,62,Recall,tahap pemecahan masalah apa yang sedang dilakukan?,
kedkom-2022,63,Recall,"berdasarkan 5 pilar stbm, intervensi ini merupakan pilar utama dengan daya ungkit terbesar, yaitu:",
kedkom-2022,64,Pharmacology,efek samping dominan dari progestin dosis tinggi pada kasus ini adalah:,
kedkom-2022,65,Pharmacology,tindakan paling tepat bagi dokter di pelayanan primer adalah:,
kedkom-2022,66,Pharmacology,tindakan ini termasuk dalam upaya kesehatan lingkungan:,
kedkom-2022,67,Diagnostics,skema pembayaran di fktp tersebut dinamakan:,
kedkom-2022,68,Diagnostics,anjuran dokter yang paling tepat adalah:,
kedkom-2022,69,Recall,klaster berapa dalam sistem ilp yang bertanggung jawab langsung menangani pasien ini?,
kedkom-2022,70,Pharmacology,siapa saja peserta yang tepat mengikuti konseling kelompok tersebut?,
kedkom-2022,71,Pharmacology,apa tujuan utama diadakannya konseling kelompok tersebut?,
kedkom-2022,72,Pharmacology,apa tindakan yang harus dilakukan kepala puskesmas selaku konselor agar hambatan tersebut dapat diatasi?,
kedkom-2022,73,Recall,strategi promosi kesehatan ini dinamakan:,
kedkom-2022,74,Recall,kondisi rumah sakit ini memenuhi kriteria standar:,
kedkom-2022,75,Pharmacology,"dalam tahapan manajemen evaluasi, dokter tersebut sedang melakukan tahap:",
kedkom-2022,76,Recall,sistem pembayaran ini disebut:,
kedkom-2022,77,Recall,upaya berbasis komunitas yang paling tepat agar lansia tersebut tetap aktif dan berdaya adalah:,
kedkom-2022,78,Recall,upaya keluarga yang paling penting untuk mencegah lansia merasa dibuang adalah:,
kedkom-2022,79,Recall,syarat mutlak agar mal efektif adalah:,
kedkom-2022,80,Recall,solusi strategis yang tepat adalah:,
kedkom-2022,81,Diagnostics,uji statistik komparatif yang tepat adalah:,
kedkom-2022,82,Recall,upaya ini menekankan intervensi pada aspek:,
kedkom-2022,83,Recall,prinsip utama penyelenggaraan jkn ini dinamakan:,
kedkom-2022,84,Recall,komitmen mana yang sedang ditunjukkan oleh supervisor tersebut?,
kedkom-2022,85,Recall,"if hukum syariat islam dan hukum pidana indonesia, bagaimana konsekuensi status bagi dokter yang nekat melakukan tindakan aborsi provokatus kriminalis tersebut?",
kedkom-2022,86,Pharmacology,prinsip etik dan teknis konseling apa yang paling mendasar untuk dijamin oleh dokter/konselor?,
kedkom-2022,87,Recall,intervensi ini tergolong dalam pencegahan:,
kedkom-2022,88,Recall,tujuan utama dari intervensi gizi berbasis bahan lokal ini adalah:,
kedkom-2022,89,Recall,masalah gizi ganda ini disebut:,
kedkom-2022,90,Recall,strategi pembiayaan kesehatan yang paling tepat untuk mengendalikan inflasi biaya tersebut adalah:,
muskulo-2019,1,Anatomy,apa nama bagian os. occipitalis yang bersendi dengan os atlas pada articulation atlantooccipitalis?,
muskulo-2019,2,Anatomy,apa nama jenis sendi pada art. atlantoaxialis mediana?,
muskulo-2019,3,Anatomy,apa nama otot yang berjalan melewati dua sendi ?,
muskulo-2019,4,Anatomy,apa nama otot yang membentuk anatomical snuffbox di tandai angka 2 pada gambar?,
muskulo-2019,5,Anatomy,apa nama tulang tempat crista galli berada?,
muskulo-2019,6,Anatomy,apa nama tulang yang bagian tulang/ tonjolannya ditunjuk panah merah pada gambar?,
muskulo-2019,7,Diagnostics,apa temuan laboratorium untuk mendiagnosis rheumatoid arthritis?,
muskulo-2019,8,Diagnostics,apa temuan laboratorium yang dapat dipakai untuk mendiagnosis gout?,
muskulo-2019,9,Anatomy,berikut ini mana otot yang tidak termasuk dalam kelompok otot dan tendon pada pasien yang mengalami cedera?,
muskulo-2019,10,Anatomy,denyut nadi pembuluh darah apa yang dapat diraba setelah pemasangan bidai di belakang bawah maleolaris medialis os tibia di klinik rs?,
muskulo-2019,11,Anatomy,denyut nadi yang dapat diraba dan didengar dengan stetoskop pada pemeriksaan untuk pengukuran tekanan darah di klinik rs adalah pembuluh darah?,
muskulo-2019,12,Physiology,faktor yang mempengaruhi kekuatan kontraksi otot adalah sebagai berikut:,
muskulo-2019,13,Recall,16) adalah dalil yang digunakan ulama fikih untuk menjelaskan tentang hukum:,
muskulo-2019,14,Recall,jaringan ikat mana yang dimaksud?,
muskulo-2019,15,Pharmacology,hal berikut yang sesuai dengan diklofenac adalah:,
muskulo-2019,16,Anatomy,mana pernyataan yang sesuai untuk hal tersebut?,
muskulo-2019,17,Pharmacology,kecenderungan naiknya tekanan darah pada pasien yang menggunakan obat ains jangka panjang adalah karena obat ains,
muskulo-2019,18,Histology,dimanakah letak sel yang berperan pada proses remodeling tersebut?,
muskulo-2019,19,Pharmacology,bagaimanakah mekanisme kerja obat tersebut?,
muskulo-2019,20,Histology,apa gambaran histologi jaringan di antara ruas tulang belakang tersebut?,
muskulo-2019,21,Diagnostics,mana pernyataan di bawah ini yang merupakan salah satu kriteria diagnosis osteomyelitis?,
muskulo-2019,22,Anatomy,"melihat dari segi permukaan sendi maka pada vertebra di bawah ini, mana vertebra yang paling luas gerakan rotasinya?",
muskulo-2019,23,Physiology,"pada myoneural junction, apa neurotransmit ter yang berperan?",
muskulo-2019,24,Recall,apa daerah/zona yang dimaksud?,
muskulo-2019,25,Anatomy,apa nama pembuluh darah yang diraba denyutnya tersebut?,
muskulo-2019,26,Physiology,pada pemeriksaan ro didapatkan penipisan tulang akibat berkurangnya massa tulang dengan gambaran berupa apa?,
muskulo-2019,27,Physiology,pada saat kontraksi perubahan yang terjadi pada satu miofilament terdiri dari:,
muskulo-2019,28,Recall,apa nama bidang tempat gerakan flexi tersebut?,
muskulo-2019,29,Diagnostics,apa kemungkinan diagnosis penderia tersebut?,
muskulo-2019,30,Diagnostics,apa diagnosis yang paling tepat pasien ini?,
muskulo-2019,31,Recall,pemeriksaan kultur pada osteomielitis diperlukan untuk apa?,
muskulo-2019,32,Pharmacology,"untuk menurunkan kadar asam urat darahnya, obat apa yang dapat diberikan?",
muskulo-2019,33,Pharmacology,obat apa yang paling tepat untuk pasien ini?,
muskulo-2019,34,Recall,proses depolarisasi terjadi pada:,
muskulo-2019,35,Histology,apa gambaran histologi yang sesuai untuk jaringan tersebut?,
muskulo-2019,36,Diagnostics,apa diagnosis vulnus yang paling mungkin untuk pasien ini?,
muskulo-2019,37,Diagnostics,apa kemungkinan diagnosis pasien ini?,
muskulo-2019,38,Diagnostics,apa diagnosis yang paling mungkin?,
muskulo-2019,39,Histology,bagaimana gambaran jaringan histologi dari organ tersebut?,
muskulo-2019,40,Diagnostics,apa kemungkinan diagnosis pasien?,
muskulo-2019,41,Anatomy,apa penyebab kelainan anatomi yang terjadi pada kondisi di atas?,
muskulo-2019,42,Physiology,gerakan apa yang terbatas akibat kondisi pasien tersebut?,
muskulo-2019,43,Diagnostics,apa diagnosis yang paling tepat?,
muskulo-2019,44,Anatomy,dimanakah letak origo otot-otot tersebut?,
muskulo-2019,45,Anatomy,apa nama salah satu otot yang cedera tersebut?,
muskulo-2019,46,Anatomy,apa nama tendon yang rupture pada pasien di atas?,
muskulo-2019,47,Anatomy,apa nama salah satu otot yang cedera pada pasien di atas?,
muskulo-2019,48,Diagnostics,dimanakah lesi yang terjadi pada pasien ini?,
muskulo-2019,49,Recall,disebut apa kelainan tersebut?,
muskulo-2019,50,Diagnostics,apa kemungkinan diagnosis kasus ini?,
muskulo-2019,51,Pharmacology,apa obat pilihan untuk pasien tersebut?,
muskulo-2019,52,Physiology,pasien menolak apa kaidah dasar bioetik yang disampaikan pasien?,
muskulo-2019,53,Pharmacology,apa terapi yang harus diberikan pada pasien dengan fraktur terbuka ini?,
muskulo-2019,54,Diagnostics,apa salah satu komplikasi yang ditakutkan pada dislokasi sendi?,
muskulo-2019,55,Pharmacology,apa patokan/tanda anggota tubuh yang mengalami dislokasi sudah tereposisi?,
muskulo-2019,56,Recall,mana tindakan dokter di bawah ini yang sesuai dengan kaidah bioetik beneficence?,
muskulo-2019,57,Recall,apa salah satu fungsi pemeriksaan radiologis pada fraktur?,
muskulo-2019,58,Pharmacology,"apabila ditemukan gejala compartement syndrome, apa tindakan yang diperlukan?",
muskulo-2019,59,Pharmacology,apa tindakan yang tepat untuk fraktur cruris terbuka?,
muskulo-2019,60,Pharmacology,apa tindakan yang tepat jika pasien mengalami fraktur clavicula tertutup?,
muskulo-2019,61,Anatomy,apa pembuluh darah yang sering pada kasus ini?,
muskulo-2019,62,Anatomy,saraf apa yang kemungkinan mengalami gangguan pada pasien ini?,
muskulo-2019,63,Pharmacology,kontraindikasi apa yang perlu diidentifikasi pada pasien ini?,
muskulo-2019,64,Anatomy,"jika dilakukan pemeriksaan rontgen, tulang apa yang paling mungkin ditemukan mengalami fraktur?",
muskulo-2019,65,Anatomy,struktur apa yang memelihara stabilitas dinamis dari sendi tersebut?,
muskulo-2019,66,Diagnostics,apa diagnosis pasien tersebut?,
muskulo-2019,67,Diagnostics,apa nama tumor tersebut?,
muskulo-2019,68,Diagnostics,gejala osteoartritis pada pasien tersebut adalah kecuali:,
muskulo-2019,69,Diagnostics,"jika dilakukan pemeriksaan patologi anatomi, apa gambaran mikroskopik sesuai diagnosis pada pasien tersebut?",
muskulo-2019,70,Anatomy,apa nama tulang tersebut?,
muskulo-2019,71,Anatomy,"berdasarkan anatomi, apa pembuluh darah yang paling mungkin cedera dalam kasus pasien tersebut?",
muskulo-2019,72,Anatomy,pada tulang apa kemungkinan fraktur pasien tersebut terjadi?,
muskulo-2019,73,Anatomy,otot apa yang kemungkinan mengalami paralyisis?,
muskulo-2019,74,Anatomy,sikap bagaimanakah yang dapat mengurangi rasa nyeri penderita?,
muskulo-2019,75,Anatomy,mana daerah yang sering mengalami fraktur pada pasien ini?,
muskulo-2019,76,Diagnostics,berupa apa kemungkinan patologi yang mendasari fraktur pada pasien tersebut?,
muskulo-2019,77,Diagnostics,posisi apa yang membentuk atap kelainan yang dimaksud?,
muskulo-2019,78,Pharmacology,apa pilihan terapi yang tepat untuk pasien tersebut?,
muskulo-2019,79,Pharmacology,apa yang sebaiknya diperiksa pada pasien tersebut?,
muskulo-2019,80,Pharmacology,apa obat yang mungkin menyebabkan kelainan pada pasien tersebut?,
muskulo-2019,81,Anatomy,"pada kondisi ini, saraf apa yang kemungkinan mengalami cedera?",
muskulo-2019,82,Pharmacology,apa terapi yang tepat diberikan untuk pasien tersebut?,
muskulo-2019,83,Anatomy,apa kemungkinan gejala yang dapat dialami oleh pasien?,
muskulo-2019,84,Pharmacology,bagaimana farmakokinetik obat yang tepat diberikan untuk pasien tersebut?,
muskulo-2019,85,Diagnostics,apa kesan pada foto genu dextra dan sinistra?,
muskulo-2019,86,Physiology,apa penyebab kondisi tersebut?,
muskulo-2019,87,Diagnostics,tendon apa yang kemungkinan mengalami disfungsi pada kondisi pasien tersebut?,
muskulo-2019,88,Physiology,apa kemungkinan penyebab nyeri pada pasien tersebut?,
muskulo-2019,89,Pharmacology,apa terapi simptomatik pada pasien tersebut?,
muskulo-2019,90,Pharmacology,saran non-farmakologis apa yang paling tepat diberikan pada pasien tersebut?,
muskulo-2019,91,Diagnostics,apa diagnosis yang tepat untuk pasien tersebut?,
muskulo-2019,92,Diagnostics,apa diagnosis pasien ini?,
muskulo-2019,93,Diagnostics,apa diagnosis pada pasien tersebut?,
muskulo-2019,94,Diagnostics,apa kemungkinan diagnosis pada penderita tersebut?,
muskulo-2019,95,Diagnostics,apa diagnosis penderia tersebut?,
muskulo-2019,96,Diagnostics,apa diagnosis penderia tersebut?,
muskulo-2019,97,Recall,"tekanan discus intervertebralis l3 yang paling rendah tekanannya, terdapat pada sikap apa?",
muskulo-2019,98,Recall,ungkapan fakhalaqna al-mudhgatah izoman fakasawna al- izoma lahman (فَخَلَقْنَا الْمُضْغَةَ عِظَٰمًا فَكَسَوْنَا الْعِظَٰمَ لَحْمًا) adalah menunjukkan bahwa:,
muskulo-2019,99,Anatomy,apa nama otot yang berkontraksi pada gerakan wajah tersebut?,
muskulo-2019,100,Anatomy,apa jenis jaringan/sendi pengikat antara batang os radius dan os ulna tersebut?,
muskulo-2020,1,Anatomy,fungsi apa yang akan berkurang saat digerakkan pada kasus di atas?,
muskulo-2020,2,Anatomy,apa pembuluh darah arteri yang dimaksud?,
muskulo-2020,3,Anatomy,apa nama otot yang berkontraksi pada saat orang mengedipkan mata seperti gambar?,
muskulo-2020,4,Recall,mana pernyataan di bawah ini yang sesuai untuk organ tendon?,
muskulo-2020,5,Physiology,apa penyebab dari gejala anemia dan neutropenia tersebut?,
muskulo-2020,6,Anatomy,apa nama bagian os. mandibularis yang bersendi dengan os. temporale pada articulatio temporomandibularis?,
muskulo-2020,7,Physiology,apa yang akan terjadi bila impuls bereksitasi pada rangkaian transmisi neuron motorik?,
muskulo-2020,8,Diagnostics,apa syaraf yang mengalami cedera berdasarkan gejala di atas?,
muskulo-2020,9,Histology,apa sel yang mengalami keganasan pada penderita ini?,
muskulo-2020,10,Anatomy,apa salah satu struktur yang membentuk arcus tersebut?,
muskulo-2020,11,Recall,apa pilihan pereda nyeri antiinflamasi yang paling aman?,
muskulo-2020,12,Anatomy,"pada struktur mikroanatomi osteon tulang kompakta, apa nama struktur konsentris yang mengelilingi kanalis havers?",
muskulo-2020,13,Anatomy,"sesuai dugaan fraktur colles, tulang apa yang mengalami fraktur?",
muskulo-2020,14,Anatomy,apa nama tendon otot yang membentuk batas medial anatomical snuffbox (tabatiere anatomicum) yang ditandai nomor 2 pada gambar?,
muskulo-2020,15,Pharmacology,apa terapi simtomatik awal yang diberikan?,
muskulo-2020,16,Diagnostics,apa komplikasi berat yang paling sering terjadi pada fraktur terbuka akibat kontaminasi dunia luar?,
muskulo-2020,17,Anatomy,arkus ini terutama dibentuk oleh anastomosis antara a. ulnaris dengan ramus palmaris superficialis dari arteri apa?,
muskulo-2020,18,Diagnostics,apa diagnosis yang paling mungkin?,
muskulo-2020,19,Anatomy,hipovitaminosis c. apa diagnosisnya?,
muskulo-2020,20,Recall,apa nama jaringan ikat intrakapsular yang menghubungkan caput femoris dengan fovea capitis os coxae (acetabulum)?,
muskulo-2020,21,Anatomy,daerah tulang femur mana yang paling sering mengalami fraktur pada penderita geriatri/lansia?,
muskulo-2020,22,Anatomy,dimanakah lokasi predileksi tersering terjadinya hnp pada columna vertebralis?,
muskulo-2020,23,Diagnostics,apa diagnosis yang paling mungkin?,
muskulo-2020,24,Anatomy,"pada saat seseorang melakukan gerakan rotasi kepala, pada bidang anatomi mana gerakan tersebut berlangsung?",
muskulo-2020,25,Pharmacology,"setelah menjalani terapi definitif, apa tatalaksana rehabilitasi medis komprehensif yang tepat diberikan?",
muskulo-2020,26,Anatomy,apa kelainan metabolik tulang yang paling sering menjadi penyebab rapuhnya tulang pada kasus tersebut?,
muskulo-2020,27,Diagnostics,apa deskripsi diagnosis fraktur yang tepat jika garis patah tulang tegak lurus terhadap sumbu panjang diafisis os femur kanan tanpa fragmen berbagitiga?,
muskulo-2020,28,Anatomy,apa nama jenis sendi bagian proksimal (articulatio coxae) berdasarkan bentuk permukaannya?,
muskulo-2020,29,Recall,merupakan penerapan kaidah dasar bioetik apa tindakan tersebut?,
muskulo-2020,30,Recall,istilah apa yang digunakan?,
muskulo-2020,31,Recall,tulang karpal mana yang dimaksud?,
muskulo-2020,32,Anatomy,bagaimanakah peranan gangguan metabolik vitamin d dalam menyebabkan kelainan tulang tersebut?,
muskulo-2020,33,Diagnostics,apa diagnosis yang paling tepat?,
muskulo-2020,34,Physiology,bagaimanakah jalur patofisiologi terjadinya penyakit tulang metabolik tersebut?,
muskulo-2020,35,Diagnostics,apa diagnosis yang paling tepat?,
muskulo-2020,36,Diagnostics,apa derajat fraktur terbuka menurut klasifikasi gustilo-anderson?,
muskulo-2020,37,Anatomy,saraf mana yang mengalami kompresi/iritasi?,
muskulo-2020,38,Anatomy,apa pembuluh darah vena yang secara anatomis terletak konstan di anterior malleolus medialis?,
muskulo-2020,39,Anatomy,berapakah komponen gaya total vertikal/besaran vektor yang dihasilkan?,
muskulo-2020,40,Anatomy,jenis terapi bedah definitif mana yang paling tepat untuk mengembalikan posisi anatomis dan fiksasi stabil?,
muskulo-2020,41,Histology,apa nama sel progenitor tersebut?,
muskulo-2020,42,Anatomy,apa kelainan sendi mekanis degeneratif yang dialami pasien?,
muskulo-2020,43,Pharmacology,bagaimanakah cara edukasi edukasi minum obat golongan bifosfonat yang benar untuk mencegah iritasi esofagus?,
muskulo-2020,44,Anatomy,apa nama persendian tersebut?,
muskulo-2020,45,Histology,apa ciri gambaran histologi jaringan penyusun discus intervertebralis (annulus fibrosus) tersebut?,
muskulo-2020,46,Anatomy,apa nama struktur lesi patologis tersebut?,
muskulo-2020,47,Anatomy,apa nama khas lesi abses tulang tersebut?,
muskulo-2020,48,Anatomy,tulang-tulang apa yang membentuk persendian panggul yang mengalami dislokasi tersebut?,
muskulo-2020,49,Diagnostics,apa pemeriksaan laboratorium utama untuk menegakkan diagnosis pasti klinis tersebut?,
muskulo-2020,50,Recall,syarat apa yang dimaksud dengan aturan tersebut?,
muskulo-2020,51,Diagnostics,"berdasarkan data anamnesis dan pemeriksaan fisik awal ini, tingkat diagnosis apa yang baru dapat ditentukan dokter ugd?",
muskulo-2020,52,Physiology,apa mekanisme utama yang memicu timbulnya respon nyeri inflamasi tersebut?,
muskulo-2020,53,Anatomy,struktur fleksibel mana yang paling dinamis dalam memelihara dan menstabilkan pergerakan kepala humerus pada cavitas glenoidalis?,
muskulo-2020,54,Diagnostics,apa diagnosis yang paling mungkin?,
muskulo-2020,55,Anatomy,bagaimanakah sifat terjadinya epp tersebut?,
muskulo-2020,56,Anatomy,fungsi pergerakan spesifik apa yang akan terganggu pada kasus tersebut?,
muskulo-2020,57,Anatomy,otot mana di bawah ini yang merupakan anggota kelompok otot hamstring kompartemen posterior paha?,
muskulo-2020,58,Pharmacology,bagaimanakah mekanisme farmakologi utama dari obat tersebut?,
muskulo-2020,59,Recall,apa nama fraktur-dislokasi spesifik tersebut?,
muskulo-2020,60,Pharmacology,tindakan pertolongan pertolongan pertama emergensi mana yang harus segera dilakukan sebelum tindakan definitive bedah?,
muskulo-2020,61,Anatomy,apa nama regio anatomi tempat ditemukannya luka tersebut?,
muskulo-2020,62,Recall,pada segmen columna vertebralis mana kelainan kurvatur skoliosis paling sering ditemukan?,
muskulo-2020,63,Physiology, yang dibentuk oleh traksi gaya otot deltoid posterior dan anterior terhadap aksis tegak lurus bidang lengan berdasarkan kalkulasi trigonometri komponen vektor?,
muskulo-2020,64,Anatomy,"muscular junction, dimanakah lokasi pasti dari reseptor nikotina asetilkolin (achr) yang akan mengikat neurotransmiter asetilkolin untuk memulai kontraksi otot?",
muskulo-2020,65,Anatomy,saraf apa yang kemungkinan mengalami cedera iatrogenik saat pembersihan kelenjar getah bening aksila?,
muskulo-2020,66,Recall, keringanan yang diberikan kepada seorang mukallaf dalam melaksanakan ketentuan syariat pada kondisi tertentu (seperti kemudahan shalat duduk saat lutut sakit)?,
muskulo-2020,67,Anatomy,otot mana yang dimaksud?,
muskulo-2020,68,Anatomy,otot mana yang berada di lapisan superfisial kompartemen tersebut?,
muskulo-2020,69,Diagnostics,apa pemeriksaan penunjang imunologi spesifik untuk membedakan rheumatoid arthritis dari artritis lainnya?,
muskulo-2020,70,Histology,"i endokondral lempeng epifisis, zona mana yang ditandai oleh sel-sel kondrosit aktif membelah secara mitosis dan tersusun berderet sejajar sumbu panjang tulang?",
muskulo-2020,71,Diagnostics,pemeriksaan penunjang pencitraan standar awal apa yang mutlak diperlukan untuk mengonfirmasi diagnosis pasti ortopedi?,
muskulo-2020,72,Anatomy,saraf mana yang melingkari collum fibulae dan mengalami cedera?,
muskulo-2020,73,Anatomy,apa nama tulang-tulang yang menyusun komponen pembentuk articulatio talocruralis (sendi ankle)?,
muskulo-2020,74,Physiology,mana pernyataan di bawah ini yang menggambarkan mekanisme patofisiologi kombinasi terjadinya hiperurisemia pada pasien?,
muskulo-2020,75,Physiology,mana mekanisme perubahan seluler patologis yang melandasi timbulnya osteoporosis?,
muskulo-2020,76,Diagnostics,apa pemeriksaan penunjang kuantitatif diagnostik standar baku emas (gold standard) untuk menilai densitas massa tulang dan mengonfirmasi diagnosis osteoporosis?,
muskulo-2020,77,Histology,bagaimanakah gambaran mikroskopis histologi yang khas dari organ serat otot lurik (otot rangka / skelet)?,
muskulo-2020,78,Diagnostics,apa kemungkinan diagnosis lesi jinak tersebut?,
muskulo-2020,79,Anatomy,cabang arteri mana yang dimaksud?,
muskulo-2020,80,Physiology,mana faktor di bawah ini yang memengaruhi besarnya kekuatan kontraksi suatu unit otot?,
muskulo-2020,81,Anatomy,apa nama lengkungan tulang kaki yang mendatar/hilang tersebut?,
muskulo-2020,82,Pharmacology,bagaimanakah tatalaksana penggantian obat analgetik yang paling aman bagi mukosa gaster pasien?,
muskulo-2020,83,Diagnostics,apa pemeriksaan serologi laboratorium yang paling menunjang penegakan diagnosis rheumatoid arthritis?,
muskulo-2020,84,Pharmacology,obat golongan mana yang menjadi pilihan utama antiresorptif lini pertama untuk meningkatkan densitas massa tulang pasien?,
muskulo-2020,85,Recall,"r an, tahapan embriologi perkembangan sistem muskuloskeletal di mana jaringan mesenkim membeku membentuk kerangka penulang digambarkan dengan kata spesifik apa?",
muskulo-2020,86,Histology,bagaimanakah karakteristik gambaran histologi dari jaringan otot polos yang menyusun dinding bronkus tersebut?,
muskulo-2020,87,Pharmacology,obat mana yang harus ditambahkan pada fase kronis untuk menurunkan kadar produksi asam urat darah dengan menghambat enzim xantin oksidase?,
muskulo-2020,88,Anatomy,arteri apa yang dimaksud?,
muskulo-2020,89,Anatomy,apa nama tulang cranium tempat ditemukannya penanda anatomi crista galli dan lamina cribrosa?,
muskulo-2020,90,Anatomy,nomor mana pada diagram leher yang merujuk pada lokasi a. carotis communis?,
muskulo-2020,91,Physiology,apa kondisi klinis sekunder di bawah ini yang dapat menjadi faktor risiko terjadinya osteoporosis sekunder pada usia yang lebih muda?,
muskulo-2020,92,Recall,prinsip kaidah dasar bioetik mana yang melandasi tindakan dokter tersebut?,
muskulo-2020,93,Physiology,apa penyebab etiologi dan patofisiologi utama dari penyakit rheumatoid arthritis tersebut?,
muskulo-2020,94,Diagnostics,apa diagnosis yang paling mungkin?,
muskulo-2020,95,Anatomy,apa nama ligamen yang robek?,
muskulo-2020,96,Anatomy,pembuluh darah arteri mana yang mengalami kerusakan?,
muskulo-2020,97,Diagnostics,apa diagnosis yang paling mungkin?,
muskulo-2020,98,Diagnostics,apa diagnosis yang paling mungkin?,
muskulo-2020,99,Pharmacology,kontraindikasi komorbiditas kardiovaskular apa yang harus diidentifikasi secara ketat sebelum pemberian obat tersebut?,
muskulo-2020,100,Anatomy,pulposus yang keluar menembus anulus fibrosus akan menekan struktur jaringan ikat ligamen columna vertebralis posterior mana hingga menimbulkan nyeri radikuler?,
muskulo-2021,1,Anatomy,apa nama bidang gerakan sendi tersebut?,
muskulo-2021,2,Anatomy,"pada articulatio humeri, struktur apa yang memelihara stabilitas dinamis dari gerak sendi tersebut?",
muskulo-2021,3,Anatomy,"pada saat terjadi fraktur dilakukan pembidaian, arteri yang dapat teraba di bagian belakang bawah malleolus medialis adalah....",
muskulo-2021,4,Diagnostics,"untuk menegakkan diagnosis penyakit muskuloskeletal, dokter akan melakukan pemeriksaan sistematis, yakni :",
muskulo-2021,5,Anatomy,otot apa yang berkontraksi pada saat seseorang mengedipkan mata?,
muskulo-2021,6,Recall,apa nama deformitas tersebut?,
muskulo-2021,7,Anatomy,"dibawah ini, mana otot kompartemen tersebut?",
muskulo-2021,8,Diagnostics,"dilakukan operasi, hasil pemeriksaan pa adalah sel berbentuk cerutu, serat berbentuk kisaran. hasil diagnosis adalah:",
muskulo-2021,9,Anatomy,"pada kondisi ini, saraf apa yang memungkinkan terjadi gangguan?",
muskulo-2021,10,Anatomy,sel mana yang mengalami keganasan dan apa perannya?,
muskulo-2021,11,Anatomy,bagian sendi yang paling sering mengalami kelainan simetris pada penyakit ini adalah:,
muskulo-2021,12,Anatomy,tata cara rukuk dan sujud pada pasien yang shalat dengan posisi berbaring terlentang adalah?,
muskulo-2021,13,Recall,apa nama jaringan ikat tersebut?,
muskulo-2021,14,Pharmacology,bagaimanakah mekanisme kerja obat tersebut?,
muskulo-2021,15,Anatomy,apa ligamen jaringan ikat yang mengalami penekanan/peregangan saat protrusi diskus ke arah posterolateral/posterior?,
muskulo-2021,16,Histology,sel yang berperan utama dalam proses destruksi/resorpsi matriks tulang pada proses remodeling tulang adalah:,
muskulo-2021,17,Physiology,zat yang dapat menghambat respon asetilkolin di hubungan neuromuskular (neuromuscular junction) dapat menimbulkan pengaruh:,
muskulo-2021,18,Anatomy,apa pembuluh darah superfisial yang paling sering digunakan pada kasus ini?,
muskulo-2021,19,Pharmacology,bagaimana edukasi minum obat alendronat yang tepat diberikan kepada pasien?,
muskulo-2021,20,Anatomy,"pada saat terjadi fraktur dilakukan pembidaian, arteri yang dapat teraba di bagian posterior dari malleolus medialis adalah....",
muskulo-2021,21,Recall,"saat orang sakit melaksanakan sholat berbaring terlentang di bed rumah sakit, mana bagian tubuh yang paling dekat/dihadapkan ke arah kiblat?",
muskulo-2021,22,Physiology,mana di bawah ini yang merupakan mekanisme dan profil kerja obat golongan ains (anti-inflamasi non-steroid)?,
muskulo-2021,23,Anatomy,struktur permukaan artikular mana yang membentuk sendi pergelangan kaki (articulatio talocruralis)?,
muskulo-2021,24,Anatomy,apa nama otot yang berkontraksi pada saat orang mengedipkan mata?,
muskulo-2021,25,Anatomy,apa nama arteri yang merupakan kelanjutan langsung dari arteria axillaris di distal batas bawah m. teres major?,
muskulo-2021,26,Diagnostics,apa diagnosis pasien tersebut?,
muskulo-2021,27,Anatomy,mana otot di bawah ini yang melintasi articulatio coxae dan berperan sebagai fleksor utama sendi panggul?,
muskulo-2021,28,Diagnostics,apa diagnosis trauma yang paling mungkin?,
muskulo-2021,29,Anatomy,"sectio pada tungkai bawah di atas malleolus medialis os tibia yaitu v. saphena magna, pembuluh darah balik ini akan berjalan ke proksimal dan bermuara ke dalam?",
muskulo-2021,30,Recall,"fraktur kompleks tulang wajah tipe le fort i, ii, dan iii secara definisi melibatkan fraktur pada tulang:",
muskulo-2021,31,Anatomy,sendi yang menghubungkan antara os metacarpal dan phalanges proksimal pada tangan disebut sendi:,
muskulo-2021,32,Recall,mana kelompok penyakit sistem muskuloskeletal yang paling tepat di bawah ini?,
muskulo-2021,33,Anatomy,apa syarat pembuatan dan evaluasi foto rontgen tulang/trauma muskuloskeletal yang baik (rule of two)?,
muskulo-2021,34,Anatomy,"pada kondisi tarsal tunnel syndrome ini, saraf apa yang mengalami gangguan kompresi?",
muskulo-2021,35,Anatomy," pasien yang shalatnya dalam posisi duduk bersandar pada dinding atau bed rumah sakit, maka anggota tubuh yang paling dekat/dihadapkan ke arah kiblatnya adalah:",
muskulo-2021,36,Anatomy,fraktur le fort terjadi pada struktur tulang:,
muskulo-2021,37,Anatomy,saraf mana yang mengalami kompresi/gangguan?,
muskulo-2021,38,Anatomy,apa pembuluh darah yang paling sering dipakai?,
muskulo-2021,39,Histology,bagaimana gambaran jaringan histologi otot penyusun organ tersebut?,
muskulo-2021,40,Diagnostics,apa kemungkinan diagnosis pasien?,
muskulo-2021,41,Anatomy,apa penyebab perubahan sudut anatomi pada kondisi coxa vara?,
muskulo-2021,42,Physiology,gerakan apa pada panggul yang paling mengalami keterbatasan (terbatas) akibat kelainan coxa vara tersebut?,
muskulo-2021,43,Pharmacology,bagaimana edukasi minum obat yang tepat diberikan pada pasien tersebut?,
muskulo-2021,44,Anatomy,apa nama persendian tersebut?,
muskulo-2021,45,Anatomy,diskus intervertebralis luar (annulus fibrosus) tersusun atas jaringan kartilago jenis apa dan bagaimana karakteristik mikroskopisnya?,
muskulo-2021,46,Anatomy,apa nama struktur invasif tersebut?,
muskulo-2021,47,Recall,apa nama abses tersebut?,
muskulo-2021,48,Anatomy,apa nama tulang-tulang pembentuk persendian tersebut?,
muskulo-2021,49,Recall,disebut apa kelainan tersebut?,
muskulo-2021,50,Diagnostics,apa kemungkinan diagnosis kasus ini?,
muskulo-2021,51,Pharmacology,mana opsi obat antiinflamasi golongan nsaid selektif/preferensial cox-2 yang relatif aman diberikan untuk mengurangi nyeri sendi pada lansia?,
muskulo-2021,52,Diagnostics,apa kaidah dasar bioetik yang disampaikan dan dihormati dari keputusan pasien tersebut?,
muskulo-2021,53,Pharmacology,apa terapi profilaksis spesifik cepat yang harus diberikan untuk mencegah infeksi tetanus pada pasien fraktur terbuka berisiko?,
muskulo-2021,54,Diagnostics,apa diagnosis yang paling mungkin?,
muskulo-2021,55,Physiology,"pada mekanisme transmisi neuromuskular, apa yang dimaksud dengan endplate potential (epp)?",
muskulo-2021,56,Pharmacology,tindakan dokter ini sesuai dengan penerapan kaidah dasar bioetik:,
muskulo-2021,57,Physiology,apa fungsi utama pemeriksaan radiologis pada kejadian patah tulang (fraktur)?,
muskulo-2021,58,Anatomy,apa tindakan bedah darurat yang wajib segera dilakukan?,
muskulo-2021,59,Pharmacology,apa penanganan utama dan tindakan operatif standar untuk fraktur terbuka?,
muskulo-2021,60,Pharmacology,imobilisasi konservatif mana yang paling sering dan standar digunakan untuk menyangga fraktur tersebut?,
muskulo-2021,61,Anatomy,pembuluh darah yang dimaksud adalah:,
muskulo-2021,62,Anatomy,saraf apa yang mengalami gangguan?,
muskulo-2021,63,Pharmacology,mana riwayat penyakit di bawah ini yang menjadi kontraindikasi utama/peringatan risiko kardiovaskular pemberian obat tersebut?,
muskulo-2021,64,Anatomy,tulang carpal apa yang paling mungkin mengalami fraktur?,
muskulo-2021,65,Anatomy,struktur otot mana yang merupakan penstabil utama (dynamic stabilizer) dari articulatio humeri?,
muskulo-2021,66,Recall,k keringanan hukum dalam islam bagi seorang mukallaf dalam menjalankan ibadah pada keadaan tertentu (misalnya lutut sakit diperbolehkan shalat duduk/berbaring)?,
muskulo-2021,67,Diagnostics,apa nama diagnosis tumor tersebut?,
muskulo-2021,68,Recall,berikut ini yang bukan merupakan kelainan/gejala patologis khas pada osteoarthritis adalah:,
muskulo-2021,69,Diagnostics,apa pemeriksaan laboratorium penunjang serologi spesifik untuk membedakan dan menegakkan diagnosis rheumatoid arthritis?,
muskulo-2021,70,Anatomy,apa nama tulang tersebut?,
muskulo-2021,71,Anatomy,"berdasarkan anatomi, apa pembuluh darah yang melintasi celah tersebut dan paling mungkin mengalami trauma?",
muskulo-2021,72,Anatomy,pada tulang mana kemungkinan fraktur terjadi?,
muskulo-2021,73,Anatomy,otot mana di kompartemen anterior cruris yang mengalami kelumpuhan/paralisis?,
muskulo-2021,74,Anatomy,posisi/sikap leher mana yang dapat merilekskan m. sternocleidomastoideus dan meminimalkan tarikan nyeri pada fragmen klavikula?,
muskulo-2021,75,Anatomy,mana daerah anatomi os femur yang paling sering mengalami fraktur pada pasien lansia?,
muskulo-2021,76,Anatomy,apa kondisi patologis metabolik tulang yang mendasari mudah terjadinya fraktur tersebut?,
muskulo-2021,77,Anatomy,pita jaringan ikat (retinakulum) mana yang membentuk atap dari kanalis karpal (carpal tunnel) dan menekan n. medianus?,
muskulo-2021,78,Diagnostics,apa diagnosis yang paling mungkin?,
muskulo-2021,79,Anatomy,arteri apa yang dimaksud?,
muskulo-2021,80,Physiology,mana di bawah ini faktor yang menentukan panjang awal filamen dan tingkat pembentukan cross-bridge yang mempengaruhi kekuatan kontraksi otot rangka?,
muskulo-2021,81,Anatomy,saraf mana yang mengalami iritasi/kompresi radiks?,
muskulo-2021,82,Pharmacology,mana lini pertama kombinasi terapi farmakologis penjelas anti-resorptif yang tepat untuk pasien tersebut?,
muskulo-2021,83,Diagnostics,deformitas khas apa yang dialami oleh pasien?,
muskulo-2021,84,Pharmacology,mana pernyataan yang tepat mengenai profil farmakokinetik bisfosfonat (seperti alendronat) pada pengobatan osteoporosis?,
muskulo-2021,85,Recall,"istilah tulang-belulang banyak disebut dalam al-qur an berkaitan dengan tahapan pembentukan embrio manusia, dinyatakan dengan kata:",
muskulo-2021,86,Histology,bagaimana gambaran jaringan histologi otot penyusun organ saluran napas (bronkus) tersebut?,
muskulo-2021,87,Pharmacology,obat apa yang dimaksud?,
muskulo-2021,88,Anatomy,arteri apa yang robek pada kasus tersebut?,
muskulo-2021,89,Anatomy,apa nama tulang tengkorak tempat ditemukannya struktur crista galli?,
muskulo-2021,90,Pharmacology,edukasi olahraga non-farmakologis aman penopang beban ringan mana yang tepat disarankan?,
muskulo-2021,91,Physiology,mana penyakit/kondisi di bawah ini yang dapat menjadi faktor risiko terjadinya osteoporosis sekunder pada usia yang lebih muda?,
muskulo-2021,92,Recall,prinsip bioetik mana yang diterapkan oleh dokter?,
muskulo-2021,93,Diagnostics,apa diagnosis yang paling tepat?,
muskulo-2021,94,Diagnostics,apa diagnosis yang paling tepat?,
muskulo-2021,95,Diagnostics,apa diagnosis penderita tersebut?,
muskulo-2021,96,Diagnostics,apa diagnosis pasien tersebut?,
muskulo-2021,97,Diagnostics,apa diagnosis yang paling mungkin?,
muskulo-2021,98,Diagnostics,diagnosis yang paling mungkin adalah:,
muskulo-2021,99,Pharmacology,mana penyakit komorbid kardiovaskular yang harus dievaluasi dan menjadi kontraindikasi utama pemberian obat tersebut?,
muskulo-2022,1,Anatomy,"i kuli panggul di pasar, nyeri semakin dirasa ketika membungkukkan badan, dokter mendiagnosis pasien terkena hnp dimana lokasi tulang vertebra yang sering kena?",
muskulo-2022,2,Anatomy,otot apa yang dapat terganggu karena rusaknya tendon?,
muskulo-2022,3,Histology,"histologi jaringan penyambung elastin, mana sediaan organ yang mendominasi serat elastin?",
muskulo-2022,4,Diagnostics,mana diagnosis berikut yang sesuai dengan kondisi anak diatas?,
muskulo-2022,5,Pharmacology,"g pria 60 tahun datang dengan keluhan rematik yang kambuh selama 1 minggu, sudah beli obat di warung 2 hari namun muncul nyeri di ulu hati, obat apa yang tepat?",
muskulo-2022,6,Diagnostics,apa diagnosis pasien ini?,
muskulo-2022,7,Recall,apa nama kelainan pada pasien ini?,
muskulo-2022,8,Anatomy,tulang apa yang mengalami fraktur pada pasien ini?,
muskulo-2022,9,Anatomy,apa bagian lateral yang mengalami kerusakan?,
muskulo-2022,10,Anatomy,apa saraf yang kemungkinan mengalami gangguan pada pasien tersebut?,
muskulo-2022,11,Anatomy,apa posisi miring leher pasien tersebut?,
muskulo-2022,12,Diagnostics,pada segmen vertebrae mana kelainan tersebut paling sering terjadi?,
muskulo-2022,13,Recall,apa nama lengkungan yang menghilang tersebut?,
muskulo-2022,14,Physiology,hormon yang mempengaruhi absorbsi kalsium di usus dan tulang secara langsung adalah:,
muskulo-2022,15,Pharmacology,apa terapi yang tepat diberikan pada pasien tersebut?,
muskulo-2022,16,Anatomy,struktur apa yang menjadi atap dari kanalis tersebut?,
muskulo-2022,17,Physiology,keadaan apa yang dapat menyebabkan kerusakan pada alat-alat penting yang melalui canalis adductorius?,
muskulo-2022,18,Diagnostics,apa diagnosis yang mungkin?,
muskulo-2022,19,Anatomy,pada otot apa terjadi pembengkakan dan pemendekan?,
muskulo-2022,20,Physiology,"pada proses excitation contraction coupling, mekanisme terjadinya relaksasi otot adalah:",
muskulo-2022,21,Anatomy,pernyataan yang benar adalah:,
muskulo-2022,22,Anatomy,"untuk memastikan keadaan sendi, dokter melaksanakan pemeriksaan x-ray pada bagian regio genu, struktur apa yang dapat dilihat?",
muskulo-2022,23,Recall,gerakan pergelangan tangan yang mengarah ke sisi ibu jari dinamakan:,
muskulo-2022,24,Recall,pernyataan yang benar tentang m. vastus lateralis:,
muskulo-2022,25,Anatomy,apa nama jaringan ikat tersebut?,
muskulo-2022,26,Anatomy,"pada myoneural junction, proses depolarisasi membran sel otot terjadi di :",
muskulo-2022,27,Pharmacology,"emeriksaan tampak bengkak pergelangan sendi & sakit jika di gerakkan, dokter memberikan obat ibuprofen 400mg 3x sehari, efek dari obat apa yang paling menonjol?",
muskulo-2022,28,Anatomy,denyut nadi yang dapat diraba dan didengar dengan stetoskop pada pemeriksaan untuk pengukuran tekanan darah di klinik rs adalah pembuluh darah?,
muskulo-2022,29,Histology,"ri 1 tahun dan tidak ada perbaikan yg signifikan, setelah dilakukan pemeriksaan didapati otot mengalami atrofi, bagaimana gambaran histologi dari otot tersebut?",
muskulo-2022,30,Anatomy,apa nama bagian os. mandibularis yang bersendi dengan os. temporale pada articulatio temporomandibularis?,
muskulo-2022,31,Physiology,gerakan/sikap ekstrem apa yang terjadi pada regio servikal yang mengalami trauma tersebut?,
muskulo-2022,32,Anatomy,lokasi vertebrae apa yang mengalami trauma?,
muskulo-2022,33,Diagnostics,pemeriksaan gold standard yang dilakukan untuk menilai densitas mineral tulang adalah:,
muskulo-2022,34,Anatomy,apa struktur yang menjadi atap/atap terowongan pada penyakit tersebut?,
muskulo-2022,35,Diagnostics,"tanda klinis ricketsia berikut adalah benar, kecuali:",
muskulo-2022,36,Recall,istilah yang secara spesifik menyebutkan kelemahan tulang adalah:,
muskulo-2022,37,Anatomy,jenis pertumbuhan tulang rawan yang terjadi melalui penambahan lapisan baru dari perikondrium dinamakan:,
muskulo-2022,38,Histology,bagaimana gambaran histologi jaringan tersebut?,
muskulo-2022,39,Recall,pernyataan yang benar terkait m. vastus lateralis adalah:,
muskulo-2022,40,Anatomy,tulang wajah mana yang mengalami patah?,
muskulo-2022,41,Diagnostics,diagnosis yang tepat adalah:,
muskulo-2022,42,Anatomy,hal apa yang dapat membahayakan pembuluh darah dan saraf yang melewati canalis adductorius?,
muskulo-2022,43,Pharmacology,bagaimanakah mekanisme obat golongan bifosfonat yang diberikan?,
muskulo-2022,44,Diagnostics,diagnosis yang tepat adalah:,
muskulo-2022,45,Physiology,bagaimanakah patofisiologi utama defisiensi vitamin d tersebut?,
muskulo-2022,46,Pharmacology,bagaimanakah mekanisme kerja obat tersebut?,
muskulo-2022,47,Diagnostics,apa diagnosis pasien ini?,
muskulo-2022,48,Anatomy,apa nama jenis sendi synovial proksimal yang dibentuk oleh caput femur dan acetabulum?,
muskulo-2022,49,Anatomy,pembuluh darah apa yang dimaksud?,
muskulo-2022,50,Physiology,"berdasarkan patofisiologi dan etiopatogenesisnya, gangguan pada sistem muskuloskeletal dikelompokkan secara komprehensif mencakup:",
muskulo-2022,51,Diagnostics,diagnosis yang sesuai adalah:,
muskulo-2022,52,Anatomy,arteri ini merupakan cabang langsung dari arteri mana yang berorigo langsung pada a. axillaris?,
muskulo-2022,53,Anatomy,apa nama jaringan ikat/ligamen intrakapsular yang langsung menghubungkan caput femoris ke fovea capitis di acetabulum os coxae?,
muskulo-2022,54,Anatomy,bagaimanakah peranan patofisiologi vitamin d terhadap gangguan pertumbuhan tulang tersebut?,
muskulo-2022,55,Anatomy,apa nama pembuluh darah arteri yang diraba tersebut?,
muskulo-2022,56,Anatomy,"pada articulation humeri, struktur dinamis apa yang paling dominan memelihara stabilitas gerak sendi bahu?",
muskulo-2022,57,Anatomy,kondisi patologis yang dialami sendi lutut pasien adalah:,
muskulo-2022,58,Anatomy,"da proses osifikasi endokondral di lempeng epifisis, zona mana yang ditandai oleh sel-sel kondrosit pecah, mengalami kematian, dan lakunanya mulai bersambungan?",
muskulo-2022,59,Anatomy,tulang karpal apa yang paling sering mengalami fraktur pada kondisi ini?,
muskulo-2022,60,Anatomy,struktur jaringan tulang mana yang mengandung sel-sel osteoprogenitor yang berfungsi utama untuk penyembuhan dan reparasi sel tulang?,
muskulo-2022,61,Anatomy,batas medial bangunan fossa axillaris dibentuk oleh struktur:,
muskulo-2022,62,Physiology,pernyataan yang benar berkaitan dengan mekanisme nutrisi pada jaringan tulang rawan yang bersifat avaskular adalah:,
muskulo-2022,63,Diagnostics,"untuk menegakkan diagnosis penyakit pada sistem muskuloskeletal secara tepat dan akurat, seorang dokter wajib melakukan:",
muskulo-2022,64,Anatomy,saraf apa yang mengalami kompresi/gangguan?,
muskulo-2022,65,Anatomy,pembuluh darah mana yang secara anatomis paling sering digunakan?,
muskulo-2022,66,Diagnostics,diagnosis kelainan kongenital ini adalah:,
muskulo-2022,67,Histology,bagaimanakah gambaran mikroskopik utama dari sel otot rangka (skeletal muscle) pada sediaan histologi?,
muskulo-2022,68,Diagnostics,diagnosis yang sesuai adalah:,
muskulo-2022,69,Physiology,apa penyebab utama terjadinya sitopenia tersebut?,
muskulo-2022,70,Anatomy,tata cara pelaksanaan gerakan ruku dan sujud bagi orang yang menunaikan shalat dalam posisi duduk adalah:,
muskulo-2022,71,Pharmacology,terapi anti-resorptif bifosfonat bekerja melalui mekanisme:,
muskulo-2022,72,Recall,disebut apa kelainan tersebut?,
muskulo-2022,73,Anatomy,apa nama otot wajah yang berkontraksi saat seseorang memejamkan atau mengedipkan mata?,
muskulo-2022,74,Diagnostics,diagnosis yang tepat adalah:,
muskulo-2022,75,Anatomy,otot mana berikut yang tidak termasuk dalam kelompok rotator cuff?,
muskulo-2022,76,Pharmacology,obat analgetik-antiinflamasi mana yang paling tepat dan aman untuk lambung pasien?,
muskulo-2022,77,Physiology,bagaimanakah patogenesis utama terjadinya osteoporosis?,
muskulo-2022,78,Pharmacology,efek obat mana yang paling menonjol diharafkan untuk mengatasi pembengkakan tersebut?,
muskulo-2022,79,Histology,"melalui mikroskop cahaya pada osifikasi endokondral, tampak kondrosit pecah dan lakunanya menyatu dengan lakuna di sekitarnya. disebut zona apa ini?",
muskulo-2022,80,Anatomy,sediaan organ berikut tersusun atas tulang rawan elastis yang sangat kaya akan serat elastin melimpah dibanding serat kolagen adalah:,
muskulo-2022,81,Anatomy,struktur otot/tendon mana yang bertindak sebagai penyokong dinamis utama arkus tersebut?,
muskulo-2022,82,Diagnostics,"radiografi memperlihatkan osteofit, penyempitan celah sendi medial, dan sklerosis subkondral. apa diagnosis pasien?",
muskulo-2022,83,Recall,sel mana yang mengalami transformasi keganasan (malignansi) pada penyakit ini?,
muskulo-2022,84,Pharmacology,pernyataan yang benar mengenai sifat farmakologis obat diklofenak adalah:,
muskulo-2022,85,Diagnostics,"berdasarkan etiologinya, kelainan yang dialami pasien termasuk dalam klasifikasi oa:",
muskulo-2022,86,Pharmacology,pemeriksaan pencitraan awal yang paling tepat disarankan adalah:,
muskulo-2022,87,Anatomy,mana di antara otot berikut yang terletak pada kompartemen anterior profundal regio antebrachii?,
muskulo-2022,88,Anatomy,"untuk memastikan keadaan sendi, dokter melaksanakan pemeriksaan x-ray pada bagian regio genu, struktur tulang apa yang dapat diidentifikasi?",
muskulo-2022,89,Anatomy,apa nama ligamen yang menempel pada fovea capitis femoris?,
muskulo-2022,90,Anatomy,arteri yang robek adalah:,
muskulo-2022,91,Anatomy,zona pada lempeng pertumbuhan tulang rawan yang ditandai dengan kondrosit pecah dan lakunanya saling menyatu adalah:,
muskulo-2022,92,Anatomy,otot mana berikut yang tidak termasuk dalam kompleks otot rotator cuff?,
muskulo-2022,93,Physiology,analgetik parenteral/oral poten yang tepat untuk nyeri trauma akut sedang-berat tersebut adalah:,
muskulo-2022,94,Anatomy,batas medial bangunan fossa axillaris adalah:,
muskulo-2022,95,Physiology,penyebab utama gejala anemia dan neutropenia tersebut adalah:,
muskulo-2022,96,Diagnostics,diagnosis kondisi kongenital ini adalah:,
muskulo-2022,97,Anatomy,saraf mana yang mengalami gangguan?,
muskulo-2022,98,Pharmacology,efek obat apa yang paling menonjol ditargetkan untuk pembengkakannya?,
muskulo-2022,99,Anatomy,otot apa yang mengalami pemendekan dan pembengkakan?,
muskulo-2022,100,Anatomy,a. circumflexa scapulae yang terputus merupakan cabang langsung dari pembuluh darah arteri apa yang berasal dari a. axillaris?,
